{
	"dynPlaceable": {
		"dynVisualList": {
			"Id": "4611686038108070010",
			"type": "List",
			"value": {
				"list": [
					{
						"dynPosition": {
							"Id": "4611686038108070005",
							"type": "Vector3",
							"value": {
								"x": 0.3206300139427185,
								"y": 0.000029999999242136255,
								"z": 0.035190001130104065
							}
						},
						"dynRotation": {
							"Id": "4611686038108070006",
							"type": "Vector3",
							"value": {
								"x": 0,
								"y": -0.000009999999747378752,
								"z": 0
							}
						},
						"dynScale": {
							"Id": "4611686038108070007",
							"type": "Vector3",
							"value": {
								"x": 1.4941699504852295,
								"y": 1.3209099769592285,
								"z": 1.0025099515914917
							}
						},
						"dynVisualFqn": {
							"Id": "4611686038125770001",
							"type": "String",
							"value": "/art/static/area/all_all/arch/ruins/all_arch_ruins_monster_closet_door_01.gr2"
						},
						"dynVisualName": {
							"Id": "4611686039107870012",
							"type": "String",
							"value": "all_arch_ruins_monster_closet_door_01"
						},
						"4611686309241734002": {
							"Id": "4611686309241734002",
							"type": "LookupList",
							"value": {
								"Closed": {
									"Id": "Closed",
									"type": "Class",
									"value": {
										"dynState": {
											"Id": "4611686038108070002",
											"type": "Integer",
											"value": "3"
										}
									}
								},
								"Destroyed": {
									"Id": "Destroyed",
									"type": "Class",
									"value": {}
								},
								"Open": {
									"Id": "Open",
									"type": "Class",
									"value": {}
								}
							}
						},
						"4611686309969034000": {
							"Id": "4611686309969034000",
							"type": "Boolean",
							"value": ""
						},
						"4611686359083027001": {
							"Id": "4611686359083027001",
							"type": "Enum",
							"value": "dynPropTypeGR2"
						},
						"4611686359132287000": {
							"Id": "4611686359132287000",
							"type": "LookupList",
							"value": {
								"13216694345345269136": {
									"Id": "13216694345345269136",
									"type": "String",
									"value": ""
								},
								"16009831945395381178": {
									"Id": "16009831945395381178",
									"type": "String",
									"value": "CASTING_ALWAYS"
								},
								"18381402898764148109": {
									"Id": "18381402898764148109",
									"type": "String",
									"value": "CASTING_ALWAYS"
								}
							}
						},
						"4611686359132287001": {
							"Id": "4611686359132287001",
							"type": "LookupList",
							"value": {}
						},
						"4611686359132287002": {
							"Id": "4611686359132287002",
							"type": "LookupList",
							"value": {}
						},
						"4611686359132287003": {
							"Id": "4611686359132287003",
							"type": "LookupList",
							"value": {}
						},
						"4611686359132287004": {
							"Id": "4611686359132287004",
							"type": "LookupList",
							"value": {}
						}
					},
					{
						"dynPosition": {
							"Id": "4611686038108070005",
							"type": "Vector3",
							"value": {
								"x": -0.30772000551223755,
								"y": 0,
								"z": 0.03520999848842621
							}
						},
						"dynRotation": {
							"Id": "4611686038108070006",
							"type": "Vector3",
							"value": {
								"x": 0,
								"y": -0.000009999999747378752,
								"z": 0
							}
						},
						"dynScale": {
							"Id": "4611686038108070007",
							"type": "Vector3",
							"value": {
								"x": 1.4342399835586548,
								"y": 1.3212699890136719,
								"z": 1.0025099515914917
							}
						},
						"dynVisualFqn": {
							"Id": "4611686038125770001",
							"type": "String",
							"value": "/art/static/area/all_all/arch/ruins/all_arch_ruins_monster_closet_door_02.gr2"
						},
						"dynVisualName": {
							"Id": "4611686039107870012",
							"type": "String",
							"value": "all_arch_ruins_monster_closet_door_02"
						},
						"4611686309241734002": {
							"Id": "4611686309241734002",
							"type": "LookupList",
							"value": {
								"Closed": {
									"Id": "Closed",
									"type": "Class",
									"value": {
										"dynState": {
											"Id": "4611686038108070002",
											"type": "Integer",
											"value": "3"
										}
									}
								},
								"Destroyed": {
									"Id": "Destroyed",
									"type": "Class",
									"value": {}
								},
								"Open": {
									"Id": "Open",
									"type": "Class",
									"value": {}
								}
							}
						},
						"4611686309969034000": {
							"Id": "4611686309969034000",
							"type": "Boolean",
							"value": ""
						},
						"4611686359083027001": {
							"Id": "4611686359083027001",
							"type": "Enum",
							"value": "dynPropTypeGR2"
						},
						"4611686359132287000": {
							"Id": "4611686359132287000",
							"type": "LookupList",
							"value": {
								"13216694345345269136": {
									"Id": "13216694345345269136",
									"type": "String",
									"value": ""
								},
								"16009831945395381178": {
									"Id": "16009831945395381178",
									"type": "String",
									"value": "CASTING_ALWAYS"
								},
								"18381402898764148109": {
									"Id": "18381402898764148109",
									"type": "String",
									"value": "CASTING_ALWAYS"
								}
							}
						},
						"4611686359132287001": {
							"Id": "4611686359132287001",
							"type": "LookupList",
							"value": {}
						},
						"4611686359132287002": {
							"Id": "4611686359132287002",
							"type": "LookupList",
							"value": {}
						},
						"4611686359132287003": {
							"Id": "4611686359132287003",
							"type": "LookupList",
							"value": {}
						},
						"4611686359132287004": {
							"Id": "4611686359132287004",
							"type": "LookupList",
							"value": {}
						}
					},
					{
						"dynPosition": {
							"Id": "4611686038108070005",
							"type": "Vector3",
							"value": {
								"x": 0.03519999980926514,
								"y": 0,
								"z": 0
							}
						},
						"dynRotation": {
							"Id": "4611686038108070006",
							"type": "Vector3",
							"value": {
								"x": 0,
								"y": -0.000009999999747378752,
								"z": -0.000009999999747378752
							}
						},
						"dynScale": {
							"Id": "4611686038108070007",
							"type": "Vector3",
							"value": {
								"x": 1,
								"y": 1,
								"z": 1
							}
						},
						"dynVisualFqn": {
							"Id": "4611686038125770001",
							"type": "String",
							"value": "/daily_area/ossus/daily/imperial/library_doors.fxspec"
						},
						"dynVisualName": {
							"Id": "4611686039107870012",
							"type": "String",
							"value": "/daily_area/ossus/daily/imperial/library_doors.fxspec"
						},
						"4611686309241734002": {
							"Id": "4611686309241734002",
							"type": "LookupList",
							"value": {
								"Closed": {
									"Id": "Closed",
									"type": "Class",
									"value": {}
								},
								"Destroyed": {
									"Id": "Destroyed",
									"type": "Class",
									"value": {}
								},
								"Open": {
									"Id": "Open",
									"type": "Class",
									"value": {
										"dynState": {
											"Id": "4611686038108070002",
											"type": "Integer",
											"value": "1"
										}
									}
								}
							}
						},
						"4611686359083027001": {
							"Id": "4611686359083027001",
							"type": "Enum",
							"value": "dynPropTypeFx"
						},
						"4611686359132287000": {
							"Id": "4611686359132287000",
							"type": "LookupList",
							"value": {
								"11301984068485320259": {
									"Id": "11301984068485320259",
									"type": "String",
									"value": ""
								},
								"13714447992837971661": {
									"Id": "13714447992837971661",
									"type": "String",
									"value": "FxStopsItself"
								}
							}
						},
						"4611686359132287001": {
							"Id": "4611686359132287001",
							"type": "LookupList",
							"value": {}
						},
						"4611686359132287002": {
							"Id": "4611686359132287002",
							"type": "LookupList",
							"value": {
								"4286554582109872652": {
									"Id": "4286554582109872652",
									"type": "Float",
									"value": ""
								},
								"7901562086685967299": {
									"Id": "7901562086685967299",
									"type": "Float",
									"value": ""
								},
								"14178477860418805427": {
									"Id": "14178477860418805427",
									"type": "Float",
									"value": ""
								},
								"18162645580767177861": {
									"Id": "18162645580767177861",
									"type": "Float",
									"value": ""
								}
							}
						},
						"4611686359132287003": {
							"Id": "4611686359132287003",
							"type": "LookupList",
							"value": {
								"371107773437710760": {
									"Id": "371107773437710760",
									"type": "Vector3",
									"value": {
										"x": 0,
										"y": 0,
										"z": 0
									}
								}
							}
						},
						"4611686359132287004": {
							"Id": "4611686359132287004",
							"type": "LookupList",
							"value": {
								"13118740165362822115": {
									"Id": "13118740165362822115",
									"type": "Boolean",
									"value": ""
								},
								"17002794492307211841": {
									"Id": "17002794492307211841",
									"type": "Boolean",
									"value": ""
								}
							}
						}
					},
					{
						"dynPosition": {
							"Id": "4611686038108070005",
							"type": "Vector3",
							"value": {
								"x": -0.016140000894665718,
								"y": -0.002420000033453107,
								"z": 0.20305000245571136
							}
						},
						"dynRotation": {
							"Id": "4611686038108070006",
							"type": "Vector3",
							"value": {
								"x": 0,
								"y": -0.49650999903678894,
								"z": 0
							}
						},
						"dynScale": {
							"Id": "4611686038108070007",
							"type": "Vector3",
							"value": {
								"x": 0.6459800004959106,
								"y": 0.6949399709701538,
								"z": 0.40108999609947205
							}
						},
						"dynVisualFqn": {
							"Id": "4611686038125770001",
							"type": "String",
							"value": "/art/static/area/oss_ossus/arch/oss_arch_rubble_pile_03.gr2"
						},
						"dynVisualName": {
							"Id": "4611686039107870012",
							"type": "String",
							"value": "oss_arch_rubble_pile_03"
						},
						"4611686309241734002": {
							"Id": "4611686309241734002",
							"type": "LookupList",
							"value": {
								"Closed": {
									"Id": "Closed",
									"type": "Class",
									"value": {}
								},
								"Destroyed": {
									"Id": "Destroyed",
									"type": "Class",
									"value": {
										"dynState": {
											"Id": "4611686038108070002",
											"type": "Integer",
											"value": "3"
										}
									}
								},
								"Open": {
									"Id": "Open",
									"type": "Class",
									"value": {}
								}
							}
						},
						"4611686309969034000": {
							"Id": "4611686309969034000",
							"type": "Boolean",
							"value": ""
						},
						"4611686359083027001": {
							"Id": "4611686359083027001",
							"type": "Enum",
							"value": "dynPropTypeGR2"
						},
						"4611686359132287000": {
							"Id": "4611686359132287000",
							"type": "LookupList",
							"value": {
								"13216694345345269136": {
									"Id": "13216694345345269136",
									"type": "String",
									"value": ""
								},
								"16009831945395381178": {
									"Id": "16009831945395381178",
									"type": "String",
									"value": "CASTING_ALWAYS"
								},
								"18381402898764148109": {
									"Id": "18381402898764148109",
									"type": "String",
									"value": "CASTING_ALWAYS"
								}
							}
						},
						"4611686359132287001": {
							"Id": "4611686359132287001",
							"type": "LookupList",
							"value": {}
						},
						"4611686359132287002": {
							"Id": "4611686359132287002",
							"type": "LookupList",
							"value": {}
						},
						"4611686359132287003": {
							"Id": "4611686359132287003",
							"type": "LookupList",
							"value": {}
						},
						"4611686359132287004": {
							"Id": "4611686359132287004",
							"type": "LookupList",
							"value": {}
						}
					},
					{
						"dynPosition": {
							"Id": "4611686038108070005",
							"type": "Vector3",
							"value": {
								"x": -0.008150000125169754,
								"y": 0.1273999959230423,
								"z": 0.15891000628471375
							}
						},
						"dynRotation": {
							"Id": "4611686038108070006",
							"type": "Vector3",
							"value": {
								"x": 0,
								"y": -0.000009999999747378752,
								"z": 0
							}
						},
						"dynScale": {
							"Id": "4611686038108070007",
							"type": "Vector3",
							"value": {
								"x": 1,
								"y": 1,
								"z": 1
							}
						},
						"dynVisualFqn": {
							"Id": "4611686038125770001",
							"type": "String",
							"value": "/standards/standard_explosion_dirt_large.fxspec"
						},
						"dynVisualName": {
							"Id": "4611686039107870012",
							"type": "String",
							"value": "/standards/standard_explosion_dirt_large.fxspec"
						},
						"4611686309241734002": {
							"Id": "4611686309241734002",
							"type": "LookupList",
							"value": {
								"Closed": {
									"Id": "Closed",
									"type": "Class",
									"value": {}
								},
								"Destroyed": {
									"Id": "Destroyed",
									"type": "Class",
									"value": {}
								},
								"Open": {
									"Id": "Open",
									"type": "Class",
									"value": {}
								}
							}
						},
						"4611686359083027001": {
							"Id": "4611686359083027001",
							"type": "Enum",
							"value": "dynPropTypeFx"
						},
						"4611686359132287000": {
							"Id": "4611686359132287000",
							"type": "LookupList",
							"value": {
								"11301984068485320259": {
									"Id": "11301984068485320259",
									"type": "String",
									"value": ""
								},
								"13714447992837971661": {
									"Id": "13714447992837971661",
									"type": "String",
									"value": "FxStopsItself"
								}
							}
						},
						"4611686359132287001": {
							"Id": "4611686359132287001",
							"type": "LookupList",
							"value": {}
						},
						"4611686359132287002": {
							"Id": "4611686359132287002",
							"type": "LookupList",
							"value": {
								"4286554582109872652": {
									"Id": "4286554582109872652",
									"type": "Float",
									"value": ""
								},
								"7901562086685967299": {
									"Id": "7901562086685967299",
									"type": "Float",
									"value": ""
								},
								"14178477860418805427": {
									"Id": "14178477860418805427",
									"type": "Float",
									"value": ""
								},
								"18162645580767177861": {
									"Id": "18162645580767177861",
									"type": "Float",
									"value": ""
								}
							}
						},
						"4611686359132287003": {
							"Id": "4611686359132287003",
							"type": "LookupList",
							"value": {
								"371107773437710760": {
									"Id": "371107773437710760",
									"type": "Vector3",
									"value": {
										"x": 0,
										"y": 0,
										"z": 0
									}
								}
							}
						},
						"4611686359132287004": {
							"Id": "4611686359132287004",
							"type": "LookupList",
							"value": {
								"13118740165362822115": {
									"Id": "13118740165362822115",
									"type": "Boolean",
									"value": ""
								},
								"17002794492307211841": {
									"Id": "17002794492307211841",
									"type": "Boolean",
									"value": ""
								}
							}
						}
					},
					{
						"dynPosition": {
							"Id": "4611686038108070005",
							"type": "Vector3",
							"value": {
								"x": 0.03344999998807907,
								"y": 0.37801000475883484,
								"z": 0.03519999980926514
							}
						},
						"dynRotation": {
							"Id": "4611686038108070006",
							"type": "Vector3",
							"value": {
								"x": 0,
								"y": -0.000009999999747378752,
								"z": 0
							}
						},
						"dynScale": {
							"Id": "4611686038108070007",
							"type": "Vector3",
							"value": {
								"x": 1,
								"y": 1,
								"z": 1
							}
						},
						"dynVisualFqn": {
							"Id": "4611686038125770001",
							"type": "String",
							"value": "/standards/standard_explosion_large.fxspec"
						},
						"dynVisualName": {
							"Id": "4611686039107870012",
							"type": "String",
							"value": "/standards/standard_explosion_large.fxspec"
						},
						"4611686309241734002": {
							"Id": "4611686309241734002",
							"type": "LookupList",
							"value": {
								"Closed": {
									"Id": "Closed",
									"type": "Class",
									"value": {}
								},
								"Destroyed": {
									"Id": "Destroyed",
									"type": "Class",
									"value": {}
								},
								"Open": {
									"Id": "Open",
									"type": "Class",
									"value": {}
								}
							}
						},
						"4611686359083027001": {
							"Id": "4611686359083027001",
							"type": "Enum",
							"value": "dynPropTypeFx"
						},
						"4611686359132287000": {
							"Id": "4611686359132287000",
							"type": "LookupList",
							"value": {
								"11301984068485320259": {
									"Id": "11301984068485320259",
									"type": "String",
									"value": ""
								},
								"13714447992837971661": {
									"Id": "13714447992837971661",
									"type": "String",
									"value": "FxStopsItself"
								}
							}
						},
						"4611686359132287001": {
							"Id": "4611686359132287001",
							"type": "LookupList",
							"value": {}
						},
						"4611686359132287002": {
							"Id": "4611686359132287002",
							"type": "LookupList",
							"value": {
								"4286554582109872652": {
									"Id": "4286554582109872652",
									"type": "Float",
									"value": ""
								},
								"7901562086685967299": {
									"Id": "7901562086685967299",
									"type": "Float",
									"value": ""
								},
								"14178477860418805427": {
									"Id": "14178477860418805427",
									"type": "Float",
									"value": ""
								},
								"18162645580767177861": {
									"Id": "18162645580767177861",
									"type": "Float",
									"value": ""
								}
							}
						},
						"4611686359132287003": {
							"Id": "4611686359132287003",
							"type": "LookupList",
							"value": {
								"371107773437710760": {
									"Id": "371107773437710760",
									"type": "Vector3",
									"value": {
										"x": 0,
										"y": 0,
										"z": 0
									}
								}
							}
						},
						"4611686359132287004": {
							"Id": "4611686359132287004",
							"type": "LookupList",
							"value": {
								"13118740165362822115": {
									"Id": "13118740165362822115",
									"type": "Boolean",
									"value": ""
								},
								"17002794492307211841": {
									"Id": "17002794492307211841",
									"type": "Boolean",
									"value": ""
								}
							}
						}
					}
				],
				"type": "Class"
			}
		},
		"dynStateNameToListOfVisualStates": {
			"Id": "4611686038108070012",
			"type": "LookupList",
			"value": {
				"Closed": {
					"Id": "Closed",
					"type": "List",
					"value": {
						"list": [
							{
								"dynState": {
									"Id": "4611686038108070002",
									"type": "Integer",
									"value": "3"
								}
							},
							{
								"dynState": {
									"Id": "4611686038108070002",
									"type": "Integer",
									"value": "3"
								}
							},
							{},
							{},
							{},
							{}
						],
						"type": "Class"
					}
				},
				"Destroyed": {
					"Id": "Destroyed",
					"type": "List",
					"value": {
						"list": [
							{},
							{},
							{},
							{
								"dynState": {
									"Id": "4611686038108070002",
									"type": "Integer",
									"value": "3"
								}
							},
							{},
							{}
						],
						"type": "Class"
					}
				},
				"Open": {
					"Id": "Open",
					"type": "List",
					"value": {
						"list": [
							{},
							{},
							{
								"dynState": {
									"Id": "4611686038108070002",
									"type": "Integer",
									"value": "1"
								}
							},
							{},
							{},
							{}
						],
						"type": "Class"
					}
				}
			}
		},
		"dynEventStates": {
			"Id": "4611686038389870003",
			"type": "List",
			"value": {
				"list": [
					{
						"dynFromState": {
							"Id": "4611686038389870000",
							"type": "String",
							"value": "Closed"
						},
						"dynToState": {
							"Id": "4611686038389870001",
							"type": "String",
							"value": "Destroyed"
						},
						"dyncalledEvent": {
							"Id": "4611686038389870004",
							"type": "String",
							"value": "On Custom:Destroyed"
						}
					},
					{
						"dynFromState": {
							"Id": "4611686038389870000",
							"type": "String",
							"value": "Destroyed"
						},
						"dynToState": {
							"Id": "4611686038389870001",
							"type": "String",
							"value": "Closed"
						},
						"dyncalledEvent": {
							"Id": "4611686038389870004",
							"type": "String",
							"value": "On Custom:Open"
						}
					}
				],
				"type": "Class"
			}
		},
		"dynFqn": {
			"Id": "4611686044100470019",
			"type": "String",
			"value": "dyn.daily_area.ossus.empire.daily.library_doors_rubble"
		},
		"dynRelatedHydra": {
			"Id": "4611686062713031202",
			"type": "ID",
			"value": "16141120210402993903"
		}
	}
}