{
	"dynPlaceable": {
		"dynVisualList": {
			"Id": "4611686038108070010",
			"type": "List",
			"value": {
				"list": [
					{
						"dynRotation": {
							"Id": "4611686038108070006",
							"type": "Vector3",
							"value": {
								"x": 0,
								"y": 45,
								"z": 0
							}
						},
						"dynScale": {
							"Id": "4611686038108070007",
							"type": "Vector3",
							"value": {
								"x": 1,
								"y": 1,
								"z": 1
							}
						},
						"dynVisualFqn": {
							"Id": "4611686038125770001",
							"type": "String",
							"value": "/art/static/area/ori_oricon/item/ori_item_holocron_purple.gr2"
						},
						"dynVisualName": {
							"Id": "4611686039107870012",
							"type": "String",
							"value": "obj_pyramid_off"
						},
						"4611686309241734002": {
							"Id": "4611686309241734002",
							"type": "LookupList",
							"value": {
								"Activated": {
									"Id": "Activated",
									"type": "Class",
									"value": {
										"dynState": {
											"Id": "4611686038108070002",
											"type": "Integer",
											"value": "3"
										}
									}
								},
								"End": {
									"Id": "End",
									"type": "Class",
									"value": {
										"dynState": {
											"Id": "4611686038108070002",
											"type": "Integer",
											"value": "3"
										}
									}
								},
								"Flash": {
									"Id": "Flash",
									"type": "Class",
									"value": {}
								},
								"Off": {
									"Id": "Off",
									"type": "Class",
									"value": {
										"dynState": {
											"Id": "4611686038108070002",
											"type": "Integer",
											"value": "71"
										}
									}
								},
								"On": {
									"Id": "On",
									"type": "Class",
									"value": {}
								},
								"Summon": {
									"Id": "Summon",
									"type": "Class",
									"value": {}
								}
							}
						},
						"4611686309969034000": {
							"Id": "4611686309969034000",
							"type": "Boolean",
							"value": ""
						},
						"4611686309969034001": {
							"Id": "4611686309969034001",
							"type": "Boolean",
							"value": ""
						},
						"4611686359083027001": {
							"Id": "4611686359083027001",
							"type": "Enum",
							"value": "dynPropTypeGR2"
						},
						"4611686359132287000": {
							"Id": "4611686359132287000",
							"type": "LookupList",
							"value": {}
						},
						"4611686359132287001": {
							"Id": "4611686359132287001",
							"type": "LookupList",
							"value": {}
						},
						"4611686359132287002": {
							"Id": "4611686359132287002",
							"type": "LookupList",
							"value": {}
						},
						"4611686359132287003": {
							"Id": "4611686359132287003",
							"type": "LookupList",
							"value": {}
						},
						"4611686359132287004": {
							"Id": "4611686359132287004",
							"type": "LookupList",
							"value": {}
						}
					},
					{
						"dynRotation": {
							"Id": "4611686038108070006",
							"type": "Vector3",
							"value": {
								"x": 0,
								"y": 45,
								"z": 0
							}
						},
						"dynScale": {
							"Id": "4611686038108070007",
							"type": "Vector3",
							"value": {
								"x": 1,
								"y": 1,
								"z": 1
							}
						},
						"dynVisualFqn": {
							"Id": "4611686038125770001",
							"type": "String",
							"value": "/art/static/area/ori_oricon/item/ori_item_holocron_purple_bright.gr2"
						},
						"dynVisualName": {
							"Id": "4611686039107870012",
							"type": "String",
							"value": "obj_pyramid_on"
						},
						"4611686309241734002": {
							"Id": "4611686309241734002",
							"type": "LookupList",
							"value": {
								"Activated": {
									"Id": "Activated",
									"type": "Class",
									"value": {}
								},
								"End": {
									"Id": "End",
									"type": "Class",
									"value": {}
								},
								"Flash": {
									"Id": "Flash",
									"type": "Class",
									"value": {
										"dynState": {
											"Id": "4611686038108070002",
											"type": "Integer",
											"value": "3"
										}
									}
								},
								"Off": {
									"Id": "Off",
									"type": "Class",
									"value": {}
								},
								"On": {
									"Id": "On",
									"type": "Class",
									"value": {
										"dynState": {
											"Id": "4611686038108070002",
											"type": "Integer",
											"value": "3"
										}
									}
								},
								"Summon": {
									"Id": "Summon",
									"type": "Class",
									"value": {
										"dynState": {
											"Id": "4611686038108070002",
											"type": "Integer",
											"value": "3"
										}
									}
								}
							}
						},
						"4611686309969034000": {
							"Id": "4611686309969034000",
							"type": "Boolean",
							"value": ""
						},
						"4611686359083027001": {
							"Id": "4611686359083027001",
							"type": "Enum",
							"value": "dynPropTypeGR2"
						},
						"4611686359132287000": {
							"Id": "4611686359132287000",
							"type": "LookupList",
							"value": {}
						},
						"4611686359132287001": {
							"Id": "4611686359132287001",
							"type": "LookupList",
							"value": {}
						},
						"4611686359132287002": {
							"Id": "4611686359132287002",
							"type": "LookupList",
							"value": {}
						},
						"4611686359132287003": {
							"Id": "4611686359132287003",
							"type": "LookupList",
							"value": {}
						},
						"4611686359132287004": {
							"Id": "4611686359132287004",
							"type": "LookupList",
							"value": {}
						}
					},
					{
						"dynPosition": {
							"Id": "4611686038108070005",
							"type": "Vector3",
							"value": {
								"x": 0.07100000232458115,
								"y": -0.6675699949264526,
								"z": -1.8440799713134766
							}
						},
						"dynRotation": {
							"Id": "4611686038108070006",
							"type": "Vector3",
							"value": {
								"x": -29.669700622558594,
								"y": -2.0515499114990234,
								"z": -10.562600135803223
							}
						},
						"dynScale": {
							"Id": "4611686038108070007",
							"type": "Vector3",
							"value": {
								"x": 1,
								"y": 1,
								"z": 0.9900000095367432
							}
						},
						"dynVisualFqn": {
							"Id": "4611686038125770001",
							"type": "String",
							"value": "/environments/oricon/env_oricon_energy_chain_single_idle_01.fxspec"
						},
						"dynVisualName": {
							"Id": "4611686039107870012",
							"type": "String",
							"value": "fx_energy_chain"
						},
						"4611686309241734002": {
							"Id": "4611686309241734002",
							"type": "LookupList",
							"value": {
								"Activated": {
									"Id": "Activated",
									"type": "Class",
									"value": {}
								},
								"End": {
									"Id": "End",
									"type": "Class",
									"value": {}
								},
								"Flash": {
									"Id": "Flash",
									"type": "Class",
									"value": {}
								},
								"Off": {
									"Id": "Off",
									"type": "Class",
									"value": {}
								},
								"On": {
									"Id": "On",
									"type": "Class",
									"value": {}
								},
								"Summon": {
									"Id": "Summon",
									"type": "Class",
									"value": {
										"dynState": {
											"Id": "4611686038108070002",
											"type": "Integer",
											"value": "1"
										}
									}
								}
							}
						},
						"4611686359083027001": {
							"Id": "4611686359083027001",
							"type": "Enum",
							"value": "dynPropTypeFx"
						},
						"4611686359132287000": {
							"Id": "4611686359132287000",
							"type": "LookupList",
							"value": {
								"13714447992837971661": {
									"Id": "13714447992837971661",
									"type": "String",
									"value": "FxStopsItself"
								}
							}
						},
						"4611686359132287001": {
							"Id": "4611686359132287001",
							"type": "LookupList",
							"value": {}
						},
						"4611686359132287002": {
							"Id": "4611686359132287002",
							"type": "LookupList",
							"value": {
								"4286554582109872652": {
									"Id": "4286554582109872652",
									"type": "Float",
									"value": ""
								},
								"7901562086685967299": {
									"Id": "7901562086685967299",
									"type": "Float",
									"value": ""
								},
								"14178477860418805427": {
									"Id": "14178477860418805427",
									"type": "Float",
									"value": ""
								},
								"18162645580767177861": {
									"Id": "18162645580767177861",
									"type": "Float",
									"value": ""
								}
							}
						},
						"4611686359132287003": {
							"Id": "4611686359132287003",
							"type": "LookupList",
							"value": {
								"371107773437710760": {
									"Id": "371107773437710760",
									"type": "Vector3",
									"value": {
										"x": 0,
										"y": 0,
										"z": 0
									}
								}
							}
						},
						"4611686359132287004": {
							"Id": "4611686359132287004",
							"type": "LookupList",
							"value": {
								"13118740165362822115": {
									"Id": "13118740165362822115",
									"type": "Boolean",
									"value": ""
								}
							}
						}
					},
					{
						"dynPosition": {
							"Id": "4611686038108070005",
							"type": "Vector3",
							"value": {
								"x": 0.07107999920845032,
								"y": -0.6698600053787231,
								"z": -1.835479974746704
							}
						},
						"dynRotation": {
							"Id": "4611686038108070006",
							"type": "Vector3",
							"value": {
								"x": -15.929499626159668,
								"y": -110.17500305175781,
								"z": -10.768600463867188
							}
						},
						"dynScale": {
							"Id": "4611686038108070007",
							"type": "Vector3",
							"value": {
								"x": 1,
								"y": 0.8999999761581421,
								"z": 1
							}
						},
						"dynVisualFqn": {
							"Id": "4611686038125770001",
							"type": "String",
							"value": "/environments/oricon/env_oricon_energy_chain_neck_left_idle_01.fxspec"
						},
						"dynVisualName": {
							"Id": "4611686039107870012",
							"type": "String",
							"value": "fx_energy_flash"
						},
						"4611686309241734002": {
							"Id": "4611686309241734002",
							"type": "LookupList",
							"value": {
								"Activated": {
									"Id": "Activated",
									"type": "Class",
									"value": {}
								},
								"End": {
									"Id": "End",
									"type": "Class",
									"value": {}
								},
								"Flash": {
									"Id": "Flash",
									"type": "Class",
									"value": {
										"dynState": {
											"Id": "4611686038108070002",
											"type": "Integer",
											"value": "1"
										}
									}
								},
								"Off": {
									"Id": "Off",
									"type": "Class",
									"value": {}
								},
								"On": {
									"Id": "On",
									"type": "Class",
									"value": {}
								},
								"Summon": {
									"Id": "Summon",
									"type": "Class",
									"value": {}
								}
							}
						},
						"4611686359083027001": {
							"Id": "4611686359083027001",
							"type": "Enum",
							"value": "dynPropTypeFx"
						},
						"4611686359132287000": {
							"Id": "4611686359132287000",
							"type": "LookupList",
							"value": {
								"13714447992837971661": {
									"Id": "13714447992837971661",
									"type": "String",
									"value": "FxStopsItself"
								}
							}
						},
						"4611686359132287001": {
							"Id": "4611686359132287001",
							"type": "LookupList",
							"value": {}
						},
						"4611686359132287002": {
							"Id": "4611686359132287002",
							"type": "LookupList",
							"value": {
								"4286554582109872652": {
									"Id": "4286554582109872652",
									"type": "Float",
									"value": ""
								},
								"7901562086685967299": {
									"Id": "7901562086685967299",
									"type": "Float",
									"value": ""
								},
								"14178477860418805427": {
									"Id": "14178477860418805427",
									"type": "Float",
									"value": ""
								},
								"18162645580767177861": {
									"Id": "18162645580767177861",
									"type": "Float",
									"value": ""
								}
							}
						},
						"4611686359132287003": {
							"Id": "4611686359132287003",
							"type": "LookupList",
							"value": {
								"371107773437710760": {
									"Id": "371107773437710760",
									"type": "Vector3",
									"value": {
										"x": 0,
										"y": 0,
										"z": 0
									}
								}
							}
						},
						"4611686359132287004": {
							"Id": "4611686359132287004",
							"type": "LookupList",
							"value": {
								"13118740165362822115": {
									"Id": "13118740165362822115",
									"type": "Boolean",
									"value": ""
								}
							}
						}
					},
					{
						"dynPosition": {
							"Id": "4611686038108070005",
							"type": "Vector3",
							"value": {
								"x": 0,
								"y": 0.22338999807834625,
								"z": 0
							}
						},
						"dynRotation": {
							"Id": "4611686038108070006",
							"type": "Vector3",
							"value": {
								"x": 90,
								"y": 45,
								"z": 0
							}
						},
						"dynScale": {
							"Id": "4611686038108070007",
							"type": "Vector3",
							"value": {
								"x": 0.75,
								"y": 0.75,
								"z": 0.75
							}
						},
						"dynVisualFqn": {
							"Id": "4611686038125770001",
							"type": "String",
							"value": "/engine/light.lit"
						},
						"dynVisualName": {
							"Id": "4611686039107870012",
							"type": "String",
							"value": "light_purple_pyramid"
						},
						"4611686309241734002": {
							"Id": "4611686309241734002",
							"type": "LookupList",
							"value": {
								"Activated": {
									"Id": "Activated",
									"type": "Class",
									"value": {
										"dynState": {
											"Id": "4611686038108070002",
											"type": "Integer",
											"value": "2"
										}
									}
								},
								"End": {
									"Id": "End",
									"type": "Class",
									"value": {
										"dynState": {
											"Id": "4611686038108070002",
											"type": "Integer",
											"value": "2"
										}
									}
								},
								"Flash": {
									"Id": "Flash",
									"type": "Class",
									"value": {
										"dynState": {
											"Id": "4611686038108070002",
											"type": "Integer",
											"value": "3"
										}
									}
								},
								"Off": {
									"Id": "Off",
									"type": "Class",
									"value": {
										"dynState": {
											"Id": "4611686038108070002",
											"type": "Integer",
											"value": "2"
										}
									}
								},
								"On": {
									"Id": "On",
									"type": "Class",
									"value": {
										"dynState": {
											"Id": "4611686038108070002",
											"type": "Integer",
											"value": "3"
										}
									}
								},
								"Summon": {
									"Id": "Summon",
									"type": "Class",
									"value": {
										"dynState": {
											"Id": "4611686038108070002",
											"type": "Integer",
											"value": "3"
										}
									}
								}
							}
						},
						"4611686309969034000": {
							"Id": "4611686309969034000",
							"type": "Boolean",
							"value": ""
						},
						"4611686359083027001": {
							"Id": "4611686359083027001",
							"type": "Enum",
							"value": "dynPropTypeLight"
						},
						"4611686359132287000": {
							"Id": "4611686359132287000",
							"type": "LookupList",
							"value": {
								"2600316532131449482": {
									"Id": "2600316532131449482",
									"type": "String",
									"value": "[0:2.25:L][0.1:1.8:L][0.255:1.6:L][0.58:2:L][0.699:1.7:L][0.845:1.9:L][1.9:2.25:L]L"
								},
								"4517970592427740037": {
									"Id": "4517970592427740037",
									"type": "String",
									"value": "art/lights/235_033_096"
								},
								"4748468179436753632": {
									"Id": "4748468179436753632",
									"type": "String",
									"value": "art/lights/lum_nar_signglow"
								},
								"6349573576868323461": {
									"Id": "6349573576868323461",
									"type": "String",
									"value": "art/lights/falloff_exponential.tiny"
								},
								"6521451727119918103": {
									"Id": "6521451727119918103",
									"type": "String",
									"value": "OMNI"
								},
								"17837464995121910744": {
									"Id": "17837464995121910744",
									"type": "String",
									"value": "#0.8,0.228,0.992,1"
								}
							}
						},
						"4611686359132287001": {
							"Id": "4611686359132287001",
							"type": "LookupList",
							"value": {}
						},
						"4611686359132287002": {
							"Id": "4611686359132287002",
							"type": "LookupList",
							"value": {
								"2758068308593703698": {
									"Id": "2758068308593703698",
									"type": "Float",
									"value": ""
								},
								"3476135911318064396": {
									"Id": "3476135911318064396",
									"type": "Float",
									"value": ""
								}
							}
						},
						"4611686359132287003": {
							"Id": "4611686359132287003",
							"type": "LookupList",
							"value": {}
						},
						"4611686359132287004": {
							"Id": "4611686359132287004",
							"type": "LookupList",
							"value": {
								"454574790820696724": {
									"Id": "454574790820696724",
									"type": "Boolean",
									"value": ""
								}
							}
						}
					},
					{
						"dynPosition": {
							"Id": "4611686038108070005",
							"type": "Vector3",
							"value": {
								"x": 0.09300000220537186,
								"y": -1.4160000085830688,
								"z": -1.843999981880188
							}
						},
						"dynScale": {
							"Id": "4611686038108070007",
							"type": "Vector3",
							"value": {
								"x": 2,
								"y": 2,
								"z": 2
							}
						},
						"dynVisualFqn": {
							"Id": "4611686038125770001",
							"type": "String",
							"value": "/environments/oricon/env_oricon_energy_chain_start_object_01.fxspec"
						},
						"dynVisualName": {
							"Id": "4611686039107870012",
							"type": "String",
							"value": "fx_energy_pulse_flash"
						},
						"4611686309241734002": {
							"Id": "4611686309241734002",
							"type": "LookupList",
							"value": {
								"Activated": {
									"Id": "Activated",
									"type": "Class",
									"value": {}
								},
								"End": {
									"Id": "End",
									"type": "Class",
									"value": {
										"dynState": {
											"Id": "4611686038108070002",
											"type": "Integer",
											"value": "1"
										}
									}
								},
								"Flash": {
									"Id": "Flash",
									"type": "Class",
									"value": {}
								},
								"Off": {
									"Id": "Off",
									"type": "Class",
									"value": {}
								},
								"On": {
									"Id": "On",
									"type": "Class",
									"value": {}
								},
								"Summon": {
									"Id": "Summon",
									"type": "Class",
									"value": {}
								}
							}
						},
						"4611686359083027001": {
							"Id": "4611686359083027001",
							"type": "Enum",
							"value": "dynPropTypeFx"
						},
						"4611686359132287000": {
							"Id": "4611686359132287000",
							"type": "LookupList",
							"value": {
								"13714447992837971661": {
									"Id": "13714447992837971661",
									"type": "String",
									"value": "FxStopsItself"
								}
							}
						},
						"4611686359132287001": {
							"Id": "4611686359132287001",
							"type": "LookupList",
							"value": {}
						},
						"4611686359132287002": {
							"Id": "4611686359132287002",
							"type": "LookupList",
							"value": {
								"4286554582109872652": {
									"Id": "4286554582109872652",
									"type": "Float",
									"value": ""
								},
								"7901562086685967299": {
									"Id": "7901562086685967299",
									"type": "Float",
									"value": ""
								},
								"14178477860418805427": {
									"Id": "14178477860418805427",
									"type": "Float",
									"value": ""
								},
								"18162645580767177861": {
									"Id": "18162645580767177861",
									"type": "Float",
									"value": ""
								}
							}
						},
						"4611686359132287003": {
							"Id": "4611686359132287003",
							"type": "LookupList",
							"value": {
								"371107773437710760": {
									"Id": "371107773437710760",
									"type": "Vector3",
									"value": {
										"x": 0,
										"y": 0,
										"z": 0
									}
								}
							}
						},
						"4611686359132287004": {
							"Id": "4611686359132287004",
							"type": "LookupList",
							"value": {
								"13118740165362822115": {
									"Id": "13118740165362822115",
									"type": "Boolean",
									"value": ""
								}
							}
						}
					}
				],
				"type": "Class"
			}
		},
		"dynStateNameToListOfVisualStates": {
			"Id": "4611686038108070012",
			"type": "LookupList",
			"value": {
				"Activated": {
					"Id": "Activated",
					"type": "List",
					"value": {
						"list": [
							{
								"dynState": {
									"Id": "4611686038108070002",
									"type": "Integer",
									"value": "3"
								}
							},
							{},
							{},
							{},
							{
								"dynState": {
									"Id": "4611686038108070002",
									"type": "Integer",
									"value": "2"
								}
							},
							{}
						],
						"type": "Class"
					}
				},
				"End": {
					"Id": "End",
					"type": "List",
					"value": {
						"list": [
							{
								"dynState": {
									"Id": "4611686038108070002",
									"type": "Integer",
									"value": "3"
								}
							},
							{},
							{},
							{},
							{
								"dynState": {
									"Id": "4611686038108070002",
									"type": "Integer",
									"value": "2"
								}
							},
							{
								"dynState": {
									"Id": "4611686038108070002",
									"type": "Integer",
									"value": "1"
								}
							}
						],
						"type": "Class"
					}
				},
				"Flash": {
					"Id": "Flash",
					"type": "List",
					"value": {
						"list": [
							{},
							{
								"dynState": {
									"Id": "4611686038108070002",
									"type": "Integer",
									"value": "3"
								}
							},
							{},
							{
								"dynState": {
									"Id": "4611686038108070002",
									"type": "Integer",
									"value": "1"
								}
							},
							{
								"dynState": {
									"Id": "4611686038108070002",
									"type": "Integer",
									"value": "3"
								}
							},
							{}
						],
						"type": "Class"
					}
				},
				"Off": {
					"Id": "Off",
					"type": "List",
					"value": {
						"list": [
							{
								"dynState": {
									"Id": "4611686038108070002",
									"type": "Integer",
									"value": "71"
								}
							},
							{},
							{},
							{},
							{
								"dynState": {
									"Id": "4611686038108070002",
									"type": "Integer",
									"value": "2"
								}
							},
							{}
						],
						"type": "Class"
					}
				},
				"On": {
					"Id": "On",
					"type": "List",
					"value": {
						"list": [
							{},
							{
								"dynState": {
									"Id": "4611686038108070002",
									"type": "Integer",
									"value": "3"
								}
							},
							{},
							{},
							{
								"dynState": {
									"Id": "4611686038108070002",
									"type": "Integer",
									"value": "3"
								}
							},
							{}
						],
						"type": "Class"
					}
				},
				"Summon": {
					"Id": "Summon",
					"type": "List",
					"value": {
						"list": [
							{},
							{
								"dynState": {
									"Id": "4611686038108070002",
									"type": "Integer",
									"value": "3"
								}
							},
							{
								"dynState": {
									"Id": "4611686038108070002",
									"type": "Integer",
									"value": "1"
								}
							},
							{},
							{
								"dynState": {
									"Id": "4611686038108070002",
									"type": "Integer",
									"value": "3"
								}
							},
							{}
						],
						"type": "Class"
					}
				}
			}
		},
		"dynEventStates": {
			"Id": "4611686038389870003",
			"type": "List",
			"value": {
				"list": [
					{
						"dynFromState": {
							"Id": "4611686038389870000",
							"type": "String",
							"value": "Activated"
						},
						"dynToState": {
							"Id": "4611686038389870001",
							"type": "String",
							"value": "Summon"
						},
						"dyncalledEvent": {
							"Id": "4611686038389870004",
							"type": "String",
							"value": "On Custom:PowerUp"
						}
					},
					{
						"dynFromState": {
							"Id": "4611686038389870000",
							"type": "String",
							"value": "Off"
						},
						"dynToState": {
							"Id": "4611686038389870001",
							"type": "String",
							"value": "Activated"
						},
						"dyncalledEvent": {
							"Id": "4611686038389870004",
							"type": "String",
							"value": "On Custom:Activated"
						}
					}
				],
				"type": "Class"
			}
		},
		"dynFqn": {
			"Id": "4611686044100470019",
			"type": "String",
			"value": "dyn.daily_area.oricon.shared.bonus.power_of_dread.energy_pyramid"
		},
		"dynRelatedHydra": {
			"Id": "4611686062713031202",
			"type": "ID",
			"value": "16140952852147142479"
		},
		"4611686298112784000": {
			"Id": "4611686298112784000",
			"type": "LookupList",
			"value": {
				"Off": {
					"Id": "Off",
					"type": "Boolean",
					"value": ""
				}
			}
		}
	}
}