{
	"dynPlaceable": {
		"dynVisualList": {
			"Id": "4611686038108070010",
			"type": "List",
			"value": {
				"list": [
					{
						"dynPosition": {
							"Id": "4611686038108070005",
							"type": "Vector3",
							"value": {
								"x": 0.0027199999894946814,
								"y": -0.04997999966144562,
								"z": -0.04814999923110008
							}
						},
						"dynRotation": {
							"Id": "4611686038108070006",
							"type": "Vector3",
							"value": {
								"x": 0,
								"y": -90,
								"z": 0
							}
						},
						"dynScale": {
							"Id": "4611686038108070007",
							"type": "Vector3",
							"value": {
								"x": 2,
								"y": 2,
								"z": 2
							}
						},
						"dynVisualFqn": {
							"Id": "4611686038125770001",
							"type": "String",
							"value": "/art/static/area/all_all/item/tech/all_item_tech_panel_02.gr2"
						},
						"dynVisualName": {
							"Id": "4611686039107870012",
							"type": "String",
							"value": "obj_base"
						},
						"4611686309241734002": {
							"Id": "4611686309241734002",
							"type": "LookupList",
							"value": {
								"Off": {
									"Id": "Off",
									"type": "Class",
									"value": {
										"dynState": {
											"Id": "4611686038108070002",
											"type": "Integer",
											"value": "3"
										}
									}
								},
								"On": {
									"Id": "On",
									"type": "Class",
									"value": {
										"dynState": {
											"Id": "4611686038108070002",
											"type": "Integer",
											"value": "3"
										}
									}
								}
							}
						},
						"4611686309969034000": {
							"Id": "4611686309969034000",
							"type": "Boolean",
							"value": ""
						},
						"4611686359083027001": {
							"Id": "4611686359083027001",
							"type": "Enum",
							"value": "dynPropTypeGR2"
						},
						"4611686359132287000": {
							"Id": "4611686359132287000",
							"type": "LookupList",
							"value": {
								"13216694345345269136": {
									"Id": "13216694345345269136",
									"type": "String",
									"value": ""
								},
								"16009831945395381178": {
									"Id": "16009831945395381178",
									"type": "String",
									"value": "CASTING_ALWAYS"
								},
								"18381402898764148109": {
									"Id": "18381402898764148109",
									"type": "String",
									"value": "CASTING_ALWAYS"
								}
							}
						},
						"4611686359132287001": {
							"Id": "4611686359132287001",
							"type": "LookupList",
							"value": {}
						},
						"4611686359132287002": {
							"Id": "4611686359132287002",
							"type": "LookupList",
							"value": {}
						},
						"4611686359132287003": {
							"Id": "4611686359132287003",
							"type": "LookupList",
							"value": {}
						},
						"4611686359132287004": {
							"Id": "4611686359132287004",
							"type": "LookupList",
							"value": {}
						}
					},
					{
						"dynPosition": {
							"Id": "4611686038108070005",
							"type": "Vector3",
							"value": {
								"x": 0,
								"y": 0.0006000000284984708,
								"z": -0.012000000104308128
							}
						},
						"dynRotation": {
							"Id": "4611686038108070006",
							"type": "Vector3",
							"value": {
								"x": 90,
								"y": -0.000009999999747378752,
								"z": 0
							}
						},
						"dynScale": {
							"Id": "4611686038108070007",
							"type": "Vector3",
							"value": {
								"x": 2.1579999923706055,
								"y": 2.1579999923706055,
								"z": 2.1579999923706055
							}
						},
						"dynVisualFqn": {
							"Id": "4611686038125770001",
							"type": "String",
							"value": "/art/static/area/all_all/item/neu/all_item_neu_greeble_set_addon_vent_fan.gr2"
						},
						"dynVisualName": {
							"Id": "4611686039107870012",
							"type": "String",
							"value": "obj_laser_coupler"
						},
						"4611686309241734002": {
							"Id": "4611686309241734002",
							"type": "LookupList",
							"value": {
								"Off": {
									"Id": "Off",
									"type": "Class",
									"value": {
										"dynState": {
											"Id": "4611686038108070002",
											"type": "Integer",
											"value": "3"
										}
									}
								},
								"On": {
									"Id": "On",
									"type": "Class",
									"value": {
										"dynState": {
											"Id": "4611686038108070002",
											"type": "Integer",
											"value": "3"
										}
									}
								}
							}
						},
						"4611686309969034000": {
							"Id": "4611686309969034000",
							"type": "Boolean",
							"value": ""
						},
						"4611686359083027001": {
							"Id": "4611686359083027001",
							"type": "Enum",
							"value": "dynPropTypeGR2"
						},
						"4611686359132287000": {
							"Id": "4611686359132287000",
							"type": "LookupList",
							"value": {
								"13216694345345269136": {
									"Id": "13216694345345269136",
									"type": "String",
									"value": ""
								},
								"16009831945395381178": {
									"Id": "16009831945395381178",
									"type": "String",
									"value": "CASTING_ALWAYS"
								},
								"18381402898764148109": {
									"Id": "18381402898764148109",
									"type": "String",
									"value": "CASTING_ALWAYS"
								}
							}
						},
						"4611686359132287001": {
							"Id": "4611686359132287001",
							"type": "LookupList",
							"value": {}
						},
						"4611686359132287002": {
							"Id": "4611686359132287002",
							"type": "LookupList",
							"value": {}
						},
						"4611686359132287003": {
							"Id": "4611686359132287003",
							"type": "LookupList",
							"value": {}
						},
						"4611686359132287004": {
							"Id": "4611686359132287004",
							"type": "LookupList",
							"value": {}
						}
					},
					{
						"dynPosition": {
							"Id": "4611686038108070005",
							"type": "Vector3",
							"value": {
								"x": 0,
								"y": -0.0017000000225380063,
								"z": 0.009589999914169312
							}
						},
						"dynRotation": {
							"Id": "4611686038108070006",
							"type": "Vector3",
							"value": {
								"x": 90,
								"y": -0.000009999999747378752,
								"z": 0
							}
						},
						"dynScale": {
							"Id": "4611686038108070007",
							"type": "Vector3",
							"value": {
								"x": 1.3480000495910645,
								"y": 1.3480000495910645,
								"z": 1.3480000495910645
							}
						},
						"dynVisualFqn": {
							"Id": "4611686038125770001",
							"type": "String",
							"value": "/art/static/area/all_all/item/neu/all_item_neu_greeble_set_addon_small_light_a.gr2"
						},
						"dynVisualName": {
							"Id": "4611686039107870012",
							"type": "String",
							"value": "obj_laser_emitter_on"
						},
						"4611686309241734002": {
							"Id": "4611686309241734002",
							"type": "LookupList",
							"value": {
								"Off": {
									"Id": "Off",
									"type": "Class",
									"value": {}
								},
								"On": {
									"Id": "On",
									"type": "Class",
									"value": {
										"dynState": {
											"Id": "4611686038108070002",
											"type": "Integer",
											"value": "71"
										}
									}
								}
							}
						},
						"4611686309969034000": {
							"Id": "4611686309969034000",
							"type": "Boolean",
							"value": ""
						},
						"4611686309969034001": {
							"Id": "4611686309969034001",
							"type": "Boolean",
							"value": ""
						},
						"4611686359083027001": {
							"Id": "4611686359083027001",
							"type": "Enum",
							"value": "dynPropTypeGR2"
						},
						"4611686359132287000": {
							"Id": "4611686359132287000",
							"type": "LookupList",
							"value": {
								"13216694345345269136": {
									"Id": "13216694345345269136",
									"type": "String",
									"value": "#0.949,0.339,0.271,1"
								},
								"16009831945395381178": {
									"Id": "16009831945395381178",
									"type": "String",
									"value": "CASTING_ALWAYS"
								},
								"18381402898764148109": {
									"Id": "18381402898764148109",
									"type": "String",
									"value": "CASTING_ALWAYS"
								}
							}
						},
						"4611686359132287001": {
							"Id": "4611686359132287001",
							"type": "LookupList",
							"value": {}
						},
						"4611686359132287002": {
							"Id": "4611686359132287002",
							"type": "LookupList",
							"value": {}
						},
						"4611686359132287003": {
							"Id": "4611686359132287003",
							"type": "LookupList",
							"value": {}
						},
						"4611686359132287004": {
							"Id": "4611686359132287004",
							"type": "LookupList",
							"value": {}
						}
					},
					{
						"dynPosition": {
							"Id": "4611686038108070005",
							"type": "Vector3",
							"value": {
								"x": 0,
								"y": -0.0020000000949949026,
								"z": 0.009999999776482582
							}
						},
						"dynRotation": {
							"Id": "4611686038108070006",
							"type": "Vector3",
							"value": {
								"x": 90,
								"y": -0.000009999999747378752,
								"z": 0
							}
						},
						"dynScale": {
							"Id": "4611686038108070007",
							"type": "Vector3",
							"value": {
								"x": 1.3480000495910645,
								"y": 1.3480000495910645,
								"z": 1.3480000495910645
							}
						},
						"dynVisualFqn": {
							"Id": "4611686038125770001",
							"type": "String",
							"value": "/art/static/area/all_all/item/neu/all_item_neu_greeble_set_addon_small_light_a.gr2"
						},
						"dynVisualName": {
							"Id": "4611686039107870012",
							"type": "String",
							"value": "obj_laser_emitter_off"
						},
						"4611686309241734002": {
							"Id": "4611686309241734002",
							"type": "LookupList",
							"value": {
								"Off": {
									"Id": "Off",
									"type": "Class",
									"value": {
										"dynState": {
											"Id": "4611686038108070002",
											"type": "Integer",
											"value": "71"
										}
									}
								},
								"On": {
									"Id": "On",
									"type": "Class",
									"value": {}
								}
							}
						},
						"4611686309969034000": {
							"Id": "4611686309969034000",
							"type": "Boolean",
							"value": ""
						},
						"4611686309969034001": {
							"Id": "4611686309969034001",
							"type": "Boolean",
							"value": ""
						},
						"4611686359083027001": {
							"Id": "4611686359083027001",
							"type": "Enum",
							"value": "dynPropTypeGR2"
						},
						"4611686359132287000": {
							"Id": "4611686359132287000",
							"type": "LookupList",
							"value": {
								"13216694345345269136": {
									"Id": "13216694345345269136",
									"type": "String",
									"value": "#0,0,0,1"
								},
								"16009831945395381178": {
									"Id": "16009831945395381178",
									"type": "String",
									"value": "CASTING_ALWAYS"
								},
								"18381402898764148109": {
									"Id": "18381402898764148109",
									"type": "String",
									"value": "CASTING_ALWAYS"
								}
							}
						},
						"4611686359132287001": {
							"Id": "4611686359132287001",
							"type": "LookupList",
							"value": {}
						},
						"4611686359132287002": {
							"Id": "4611686359132287002",
							"type": "LookupList",
							"value": {}
						},
						"4611686359132287003": {
							"Id": "4611686359132287003",
							"type": "LookupList",
							"value": {}
						},
						"4611686359132287004": {
							"Id": "4611686359132287004",
							"type": "LookupList",
							"value": {}
						}
					}
				],
				"type": "Class"
			}
		},
		"dynStateNameToListOfVisualStates": {
			"Id": "4611686038108070012",
			"type": "LookupList",
			"value": {
				"Off": {
					"Id": "Off",
					"type": "List",
					"value": {
						"list": [
							{
								"dynState": {
									"Id": "4611686038108070002",
									"type": "Integer",
									"value": "3"
								}
							},
							{
								"dynState": {
									"Id": "4611686038108070002",
									"type": "Integer",
									"value": "3"
								}
							},
							{},
							{
								"dynState": {
									"Id": "4611686038108070002",
									"type": "Integer",
									"value": "71"
								}
							}
						],
						"type": "Class"
					}
				},
				"On": {
					"Id": "On",
					"type": "List",
					"value": {
						"list": [
							{
								"dynState": {
									"Id": "4611686038108070002",
									"type": "Integer",
									"value": "3"
								}
							},
							{
								"dynState": {
									"Id": "4611686038108070002",
									"type": "Integer",
									"value": "3"
								}
							},
							{
								"dynState": {
									"Id": "4611686038108070002",
									"type": "Integer",
									"value": "71"
								}
							},
							{}
						],
						"type": "Class"
					}
				}
			}
		},
		"dynEventStates": {
			"Id": "4611686038389870003",
			"type": "List",
			"value": {
				"list": [
					{
						"dynFromState": {
							"Id": "4611686038389870000",
							"type": "String",
							"value": "Off"
						},
						"dynToState": {
							"Id": "4611686038389870001",
							"type": "String",
							"value": "On"
						},
						"dyncalledEvent": {
							"Id": "4611686038389870004",
							"type": "String",
							"value": "On Custom:On"
						}
					},
					{
						"dynFromState": {
							"Id": "4611686038389870000",
							"type": "String",
							"value": "On"
						},
						"dynToState": {
							"Id": "4611686038389870001",
							"type": "String",
							"value": "Off"
						},
						"dyncalledEvent": {
							"Id": "4611686038389870004",
							"type": "String",
							"value": "On Custom:Off"
						}
					}
				],
				"type": "Class"
			}
		},
		"dynFqn": {
			"Id": "4611686044100470019",
			"type": "String",
			"value": "dyn.daily_area.iokath.dailies.laser_trap_useable_on_off"
		},
		"dynRelatedHydra": {
			"Id": "4611686062713031202",
			"type": "ID",
			"value": "16141143535275211505"
		},
		"4611686298112784000": {
			"Id": "4611686298112784000",
			"type": "LookupList",
			"value": {
				"Off": {
					"Id": "Off",
					"type": "Boolean",
					"value": ""
				},
				"On": {
					"Id": "On",
					"type": "Boolean",
					"value": ""
				}
			}
		}
	}
}