{
	"dynPlaceable": {
		"dynVisualList": {
			"Id": "4611686038108070010",
			"type": "List",
			"value": {
				"list": [
					{
						"dynRotation": {
							"Id": "4611686038108070006",
							"type": "Vector3",
							"value": {
								"x": 0,
								"y": 144.91799926757812,
								"z": 0
							}
						},
						"dynScale": {
							"Id": "4611686038108070007",
							"type": "Vector3",
							"value": {
								"x": 1,
								"y": 1,
								"z": 1
							}
						},
						"dynVisualFqn": {
							"Id": "4611686038125770001",
							"type": "String",
							"value": "/art/static/designblockout/designutility/dbo_utility_star_red.gr2"
						},
						"dynVisualName": {
							"Id": "4611686039107870012",
							"type": "String",
							"value": "loc_anchor"
						},
						"4611686309241734002": {
							"Id": "4611686309241734002",
							"type": "LookupList",
							"value": {
								"Destroyed": {
									"Id": "Destroyed",
									"type": "Class",
									"value": {
										"dynState": {
											"Id": "4611686038108070002",
											"type": "Integer",
											"value": "1"
										}
									}
								},
								"On": {
									"Id": "On",
									"type": "Class",
									"value": {
										"dynState": {
											"Id": "4611686038108070002",
											"type": "Integer",
											"value": "1"
										}
									}
								},
								"Pulse": {
									"Id": "Pulse",
									"type": "Class",
									"value": {
										"dynState": {
											"Id": "4611686038108070002",
											"type": "Integer",
											"value": "1"
										}
									}
								},
								"Transition": {
									"Id": "Transition",
									"type": "Class",
									"value": {
										"dynState": {
											"Id": "4611686038108070002",
											"type": "Integer",
											"value": "1"
										}
									}
								}
							}
						},
						"4611686359083027001": {
							"Id": "4611686359083027001",
							"type": "Enum",
							"value": "dynPropTypeGR2"
						},
						"4611686359132287000": {
							"Id": "4611686359132287000",
							"type": "LookupList",
							"value": {}
						},
						"4611686359132287001": {
							"Id": "4611686359132287001",
							"type": "LookupList",
							"value": {}
						},
						"4611686359132287002": {
							"Id": "4611686359132287002",
							"type": "LookupList",
							"value": {}
						},
						"4611686359132287003": {
							"Id": "4611686359132287003",
							"type": "LookupList",
							"value": {}
						},
						"4611686359132287004": {
							"Id": "4611686359132287004",
							"type": "LookupList",
							"value": {}
						}
					},
					{
						"dynRotation": {
							"Id": "4611686038108070006",
							"type": "Vector3",
							"value": {
								"x": -0.000009999999747378752,
								"y": 180,
								"z": -90
							}
						},
						"dynScale": {
							"Id": "4611686038108070007",
							"type": "Vector3",
							"value": {
								"x": 1,
								"y": 1,
								"z": 1
							}
						},
						"dynVisualFqn": {
							"Id": "4611686038125770001",
							"type": "String",
							"value": "/quarterly/asation/boss/dread_guard/fx_asa_dg_forceleech_leeching.fxspec"
						},
						"dynVisualName": {
							"Id": "4611686039107870012",
							"type": "String",
							"value": "fx_energy_lower"
						},
						"4611686309241734002": {
							"Id": "4611686309241734002",
							"type": "LookupList",
							"value": {
								"Destroyed": {
									"Id": "Destroyed",
									"type": "Class",
									"value": {}
								},
								"On": {
									"Id": "On",
									"type": "Class",
									"value": {
										"dynState": {
											"Id": "4611686038108070002",
											"type": "Integer",
											"value": "1"
										}
									}
								},
								"Pulse": {
									"Id": "Pulse",
									"type": "Class",
									"value": {
										"dynState": {
											"Id": "4611686038108070002",
											"type": "Integer",
											"value": "1"
										}
									}
								},
								"Transition": {
									"Id": "Transition",
									"type": "Class",
									"value": {
										"dynState": {
											"Id": "4611686038108070002",
											"type": "Integer",
											"value": "1"
										}
									}
								}
							}
						},
						"4611686359083027001": {
							"Id": "4611686359083027001",
							"type": "Enum",
							"value": "dynPropTypeFx"
						},
						"4611686359132287000": {
							"Id": "4611686359132287000",
							"type": "LookupList",
							"value": {
								"13714447992837971661": {
									"Id": "13714447992837971661",
									"type": "String",
									"value": "FxStopsItself"
								}
							}
						},
						"4611686359132287001": {
							"Id": "4611686359132287001",
							"type": "LookupList",
							"value": {}
						},
						"4611686359132287002": {
							"Id": "4611686359132287002",
							"type": "LookupList",
							"value": {
								"4286554582109872652": {
									"Id": "4286554582109872652",
									"type": "Float",
									"value": ""
								},
								"7901562086685967299": {
									"Id": "7901562086685967299",
									"type": "Float",
									"value": ""
								},
								"14178477860418805427": {
									"Id": "14178477860418805427",
									"type": "Float",
									"value": ""
								},
								"18162645580767177861": {
									"Id": "18162645580767177861",
									"type": "Float",
									"value": ""
								}
							}
						},
						"4611686359132287003": {
							"Id": "4611686359132287003",
							"type": "LookupList",
							"value": {
								"371107773437710760": {
									"Id": "371107773437710760",
									"type": "Vector3",
									"value": {
										"x": 0,
										"y": 0,
										"z": 0
									}
								}
							}
						},
						"4611686359132287004": {
							"Id": "4611686359132287004",
							"type": "LookupList",
							"value": {
								"13118740165362822115": {
									"Id": "13118740165362822115",
									"type": "Boolean",
									"value": ""
								}
							}
						}
					},
					{
						"dynPosition": {
							"Id": "4611686038108070005",
							"type": "Vector3",
							"value": {
								"x": 0.005739999935030937,
								"y": 0.6717000007629395,
								"z": 0
							}
						},
						"dynRotation": {
							"Id": "4611686038108070006",
							"type": "Vector3",
							"value": {
								"x": -0.000009999999747378752,
								"y": 180,
								"z": -90
							}
						},
						"dynScale": {
							"Id": "4611686038108070007",
							"type": "Vector3",
							"value": {
								"x": 1,
								"y": 1,
								"z": 1
							}
						},
						"dynVisualFqn": {
							"Id": "4611686038125770001",
							"type": "String",
							"value": "/worlddesign/beams/beam_med_darksideenergy_scalable.fxspec"
						},
						"dynVisualName": {
							"Id": "4611686039107870012",
							"type": "String",
							"value": "fx_energy_beam"
						},
						"4611686309241734002": {
							"Id": "4611686309241734002",
							"type": "LookupList",
							"value": {
								"Destroyed": {
									"Id": "Destroyed",
									"type": "Class",
									"value": {}
								},
								"On": {
									"Id": "On",
									"type": "Class",
									"value": {
										"dynState": {
											"Id": "4611686038108070002",
											"type": "Integer",
											"value": "1"
										}
									}
								},
								"Pulse": {
									"Id": "Pulse",
									"type": "Class",
									"value": {
										"dynState": {
											"Id": "4611686038108070002",
											"type": "Integer",
											"value": "1"
										}
									}
								},
								"Transition": {
									"Id": "Transition",
									"type": "Class",
									"value": {
										"dynState": {
											"Id": "4611686038108070002",
											"type": "Integer",
											"value": "1"
										}
									}
								}
							}
						},
						"4611686359083027001": {
							"Id": "4611686359083027001",
							"type": "Enum",
							"value": "dynPropTypeFx"
						},
						"4611686359132287000": {
							"Id": "4611686359132287000",
							"type": "LookupList",
							"value": {
								"13714447992837971661": {
									"Id": "13714447992837971661",
									"type": "String",
									"value": "FxStopsItself"
								}
							}
						},
						"4611686359132287001": {
							"Id": "4611686359132287001",
							"type": "LookupList",
							"value": {}
						},
						"4611686359132287002": {
							"Id": "4611686359132287002",
							"type": "LookupList",
							"value": {
								"4286554582109872652": {
									"Id": "4286554582109872652",
									"type": "Float",
									"value": ""
								},
								"7901562086685967299": {
									"Id": "7901562086685967299",
									"type": "Float",
									"value": ""
								},
								"14178477860418805427": {
									"Id": "14178477860418805427",
									"type": "Float",
									"value": ""
								},
								"18162645580767177861": {
									"Id": "18162645580767177861",
									"type": "Float",
									"value": ""
								}
							}
						},
						"4611686359132287003": {
							"Id": "4611686359132287003",
							"type": "LookupList",
							"value": {
								"371107773437710760": {
									"Id": "371107773437710760",
									"type": "Vector3",
									"value": {
										"x": 0,
										"y": 0,
										"z": 0
									}
								}
							}
						},
						"4611686359132287004": {
							"Id": "4611686359132287004",
							"type": "LookupList",
							"value": {
								"13118740165362822115": {
									"Id": "13118740165362822115",
									"type": "Boolean",
									"value": ""
								}
							}
						}
					},
					{
						"dynPosition": {
							"Id": "4611686038108070005",
							"type": "Vector3",
							"value": {
								"x": 0,
								"y": 0.5455999970436096,
								"z": 0
							}
						},
						"dynRotation": {
							"Id": "4611686038108070006",
							"type": "Vector3",
							"value": {
								"x": -0.000009999999747378752,
								"y": 180,
								"z": -90
							}
						},
						"dynScale": {
							"Id": "4611686038108070007",
							"type": "Vector3",
							"value": {
								"x": 1,
								"y": 1,
								"z": 1
							}
						},
						"dynVisualFqn": {
							"Id": "4611686038125770001",
							"type": "String",
							"value": "/quarterly/asation/boss/dread_guard/fx_asa_dg_forceleech_leeching.fxspec"
						},
						"dynVisualName": {
							"Id": "4611686039107870012",
							"type": "String",
							"value": "fx_energy_upper"
						},
						"4611686309241734002": {
							"Id": "4611686309241734002",
							"type": "LookupList",
							"value": {
								"Destroyed": {
									"Id": "Destroyed",
									"type": "Class",
									"value": {}
								},
								"On": {
									"Id": "On",
									"type": "Class",
									"value": {
										"dynState": {
											"Id": "4611686038108070002",
											"type": "Integer",
											"value": "1"
										}
									}
								},
								"Pulse": {
									"Id": "Pulse",
									"type": "Class",
									"value": {
										"dynState": {
											"Id": "4611686038108070002",
											"type": "Integer",
											"value": "1"
										}
									}
								},
								"Transition": {
									"Id": "Transition",
									"type": "Class",
									"value": {
										"dynState": {
											"Id": "4611686038108070002",
											"type": "Integer",
											"value": "1"
										}
									}
								}
							}
						},
						"4611686359083027001": {
							"Id": "4611686359083027001",
							"type": "Enum",
							"value": "dynPropTypeFx"
						},
						"4611686359132287000": {
							"Id": "4611686359132287000",
							"type": "LookupList",
							"value": {
								"13714447992837971661": {
									"Id": "13714447992837971661",
									"type": "String",
									"value": "FxStopsItself"
								}
							}
						},
						"4611686359132287001": {
							"Id": "4611686359132287001",
							"type": "LookupList",
							"value": {}
						},
						"4611686359132287002": {
							"Id": "4611686359132287002",
							"type": "LookupList",
							"value": {
								"4286554582109872652": {
									"Id": "4286554582109872652",
									"type": "Float",
									"value": ""
								},
								"7901562086685967299": {
									"Id": "7901562086685967299",
									"type": "Float",
									"value": ""
								},
								"14178477860418805427": {
									"Id": "14178477860418805427",
									"type": "Float",
									"value": ""
								},
								"18162645580767177861": {
									"Id": "18162645580767177861",
									"type": "Float",
									"value": ""
								}
							}
						},
						"4611686359132287003": {
							"Id": "4611686359132287003",
							"type": "LookupList",
							"value": {
								"371107773437710760": {
									"Id": "371107773437710760",
									"type": "Vector3",
									"value": {
										"x": 0,
										"y": 0,
										"z": 0
									}
								}
							}
						},
						"4611686359132287004": {
							"Id": "4611686359132287004",
							"type": "LookupList",
							"value": {
								"13118740165362822115": {
									"Id": "13118740165362822115",
									"type": "Boolean",
									"value": ""
								}
							}
						}
					},
					{
						"dynPosition": {
							"Id": "4611686038108070005",
							"type": "Vector3",
							"value": {
								"x": -0.00482999999076128,
								"y": 0.14020000398159027,
								"z": 0.0002699999895412475
							}
						},
						"dynRotation": {
							"Id": "4611686038108070006",
							"type": "Vector3",
							"value": {
								"x": -0.000009999999747378752,
								"y": 180,
								"z": -90
							}
						},
						"dynScale": {
							"Id": "4611686038108070007",
							"type": "Vector3",
							"value": {
								"x": 1,
								"y": 1,
								"z": 1
							}
						},
						"dynVisualFqn": {
							"Id": "4611686038125770001",
							"type": "String",
							"value": "/giant_rakghoul_cloud.fxspec"
						},
						"dynVisualName": {
							"Id": "4611686039107870012",
							"type": "String",
							"value": "fx_energy_cloud"
						},
						"4611686309241734002": {
							"Id": "4611686309241734002",
							"type": "LookupList",
							"value": {
								"Destroyed": {
									"Id": "Destroyed",
									"type": "Class",
									"value": {}
								},
								"On": {
									"Id": "On",
									"type": "Class",
									"value": {
										"dynState": {
											"Id": "4611686038108070002",
											"type": "Integer",
											"value": "1"
										}
									}
								},
								"Pulse": {
									"Id": "Pulse",
									"type": "Class",
									"value": {
										"dynState": {
											"Id": "4611686038108070002",
											"type": "Integer",
											"value": "1"
										}
									}
								},
								"Transition": {
									"Id": "Transition",
									"type": "Class",
									"value": {
										"dynState": {
											"Id": "4611686038108070002",
											"type": "Integer",
											"value": "1"
										}
									}
								}
							}
						},
						"4611686359083027001": {
							"Id": "4611686359083027001",
							"type": "Enum",
							"value": "dynPropTypeFx"
						},
						"4611686359132287000": {
							"Id": "4611686359132287000",
							"type": "LookupList",
							"value": {
								"13714447992837971661": {
									"Id": "13714447992837971661",
									"type": "String",
									"value": "FxStopsItself"
								}
							}
						},
						"4611686359132287001": {
							"Id": "4611686359132287001",
							"type": "LookupList",
							"value": {}
						},
						"4611686359132287002": {
							"Id": "4611686359132287002",
							"type": "LookupList",
							"value": {
								"4286554582109872652": {
									"Id": "4286554582109872652",
									"type": "Float",
									"value": ""
								},
								"7901562086685967299": {
									"Id": "7901562086685967299",
									"type": "Float",
									"value": ""
								},
								"14178477860418805427": {
									"Id": "14178477860418805427",
									"type": "Float",
									"value": ""
								},
								"18162645580767177861": {
									"Id": "18162645580767177861",
									"type": "Float",
									"value": ""
								}
							}
						},
						"4611686359132287003": {
							"Id": "4611686359132287003",
							"type": "LookupList",
							"value": {
								"371107773437710760": {
									"Id": "371107773437710760",
									"type": "Vector3",
									"value": {
										"x": 0,
										"y": 0,
										"z": 0
									}
								}
							}
						},
						"4611686359132287004": {
							"Id": "4611686359132287004",
							"type": "LookupList",
							"value": {
								"13118740165362822115": {
									"Id": "13118740165362822115",
									"type": "Boolean",
									"value": ""
								}
							}
						}
					},
					{
						"dynPosition": {
							"Id": "4611686038108070005",
							"type": "Vector3",
							"value": {
								"x": 0.006000000052154064,
								"y": 0.2927199900150299,
								"z": 0.0020000000949949026
							}
						},
						"dynRotation": {
							"Id": "4611686038108070006",
							"type": "Vector3",
							"value": {
								"x": 0,
								"y": 144.91799926757812,
								"z": 0
							}
						},
						"dynScale": {
							"Id": "4611686038108070007",
							"type": "Vector3",
							"value": {
								"x": 1,
								"y": 1,
								"z": 1
							}
						},
						"dynVisualFqn": {
							"Id": "4611686038125770001",
							"type": "String",
							"value": "/environments/alderaan/env_ald_damage_smoke_01.fxspec"
						},
						"dynVisualName": {
							"Id": "4611686039107870012",
							"type": "String",
							"value": "fx_smoke"
						},
						"4611686309241734002": {
							"Id": "4611686309241734002",
							"type": "LookupList",
							"value": {
								"Destroyed": {
									"Id": "Destroyed",
									"type": "Class",
									"value": {
										"dynState": {
											"Id": "4611686038108070002",
											"type": "Integer",
											"value": "1"
										}
									}
								},
								"On": {
									"Id": "On",
									"type": "Class",
									"value": {}
								},
								"Pulse": {
									"Id": "Pulse",
									"type": "Class",
									"value": {}
								},
								"Transition": {
									"Id": "Transition",
									"type": "Class",
									"value": {}
								}
							}
						},
						"4611686359083027001": {
							"Id": "4611686359083027001",
							"type": "Enum",
							"value": "dynPropTypeFx"
						},
						"4611686359132287000": {
							"Id": "4611686359132287000",
							"type": "LookupList",
							"value": {
								"13714447992837971661": {
									"Id": "13714447992837971661",
									"type": "String",
									"value": "FxStopsItself"
								}
							}
						},
						"4611686359132287001": {
							"Id": "4611686359132287001",
							"type": "LookupList",
							"value": {}
						},
						"4611686359132287002": {
							"Id": "4611686359132287002",
							"type": "LookupList",
							"value": {
								"4286554582109872652": {
									"Id": "4286554582109872652",
									"type": "Float",
									"value": ""
								},
								"7901562086685967299": {
									"Id": "7901562086685967299",
									"type": "Float",
									"value": ""
								},
								"14178477860418805427": {
									"Id": "14178477860418805427",
									"type": "Float",
									"value": ""
								},
								"18162645580767177861": {
									"Id": "18162645580767177861",
									"type": "Float",
									"value": ""
								}
							}
						},
						"4611686359132287003": {
							"Id": "4611686359132287003",
							"type": "LookupList",
							"value": {
								"371107773437710760": {
									"Id": "371107773437710760",
									"type": "Vector3",
									"value": {
										"x": 0,
										"y": 0,
										"z": 0
									}
								}
							}
						},
						"4611686359132287004": {
							"Id": "4611686359132287004",
							"type": "LookupList",
							"value": {
								"13118740165362822115": {
									"Id": "13118740165362822115",
									"type": "Boolean",
									"value": ""
								}
							}
						}
					},
					{
						"dynPosition": {
							"Id": "4611686038108070005",
							"type": "Vector3",
							"value": {
								"x": 0,
								"y": 0.39094001054763794,
								"z": 0
							}
						},
						"dynRotation": {
							"Id": "4611686038108070006",
							"type": "Vector3",
							"value": {
								"x": 0,
								"y": 144.91799926757812,
								"z": 0
							}
						},
						"dynScale": {
							"Id": "4611686038108070007",
							"type": "Vector3",
							"value": {
								"x": 1,
								"y": 1,
								"z": 1
							}
						},
						"dynVisualFqn": {
							"Id": "4611686038125770001",
							"type": "String",
							"value": "/art/static/designblockout/designutility/dbo_utility_star_red.gr2"
						},
						"dynVisualName": {
							"Id": "4611686039107870012",
							"type": "String",
							"value": "loc_explosion"
						},
						"4611686309241734002": {
							"Id": "4611686309241734002",
							"type": "LookupList",
							"value": {
								"Destroyed": {
									"Id": "Destroyed",
									"type": "Class",
									"value": {
										"dynState": {
											"Id": "4611686038108070002",
											"type": "Integer",
											"value": "1"
										}
									}
								},
								"On": {
									"Id": "On",
									"type": "Class",
									"value": {
										"dynState": {
											"Id": "4611686038108070002",
											"type": "Integer",
											"value": "1"
										}
									}
								},
								"Pulse": {
									"Id": "Pulse",
									"type": "Class",
									"value": {
										"dynState": {
											"Id": "4611686038108070002",
											"type": "Integer",
											"value": "1"
										}
									}
								},
								"Transition": {
									"Id": "Transition",
									"type": "Class",
									"value": {
										"dynState": {
											"Id": "4611686038108070002",
											"type": "Integer",
											"value": "1"
										}
									}
								}
							}
						},
						"4611686359083027001": {
							"Id": "4611686359083027001",
							"type": "Enum",
							"value": "dynPropTypeGR2"
						},
						"4611686359132287000": {
							"Id": "4611686359132287000",
							"type": "LookupList",
							"value": {}
						},
						"4611686359132287001": {
							"Id": "4611686359132287001",
							"type": "LookupList",
							"value": {}
						},
						"4611686359132287002": {
							"Id": "4611686359132287002",
							"type": "LookupList",
							"value": {}
						},
						"4611686359132287003": {
							"Id": "4611686359132287003",
							"type": "LookupList",
							"value": {}
						},
						"4611686359132287004": {
							"Id": "4611686359132287004",
							"type": "LookupList",
							"value": {}
						}
					},
					{
						"dynPosition": {
							"Id": "4611686038108070005",
							"type": "Vector3",
							"value": {
								"x": 0.003969999961555004,
								"y": 0.2883000075817108,
								"z": 0.00279000005684793
							}
						},
						"dynRotation": {
							"Id": "4611686038108070006",
							"type": "Vector3",
							"value": {
								"x": 0,
								"y": 144.91799926757812,
								"z": 0
							}
						},
						"dynScale": {
							"Id": "4611686038108070007",
							"type": "Vector3",
							"value": {
								"x": 0.31233999133110046,
								"y": 0.3458299934864044,
								"z": 0.31233999133110046
							}
						},
						"dynVisualFqn": {
							"Id": "4611686038125770001",
							"type": "String",
							"value": "/art/static/designblockout/collision/dbo_collision_cylinder_10m.gr2"
						},
						"dynVisualName": {
							"Id": "4611686039107870012",
							"type": "String",
							"value": "loc_use"
						},
						"4611686309241734002": {
							"Id": "4611686309241734002",
							"type": "LookupList",
							"value": {
								"Destroyed": {
									"Id": "Destroyed",
									"type": "Class",
									"value": {
										"dynState": {
											"Id": "4611686038108070002",
											"type": "Integer",
											"value": "1"
										}
									}
								},
								"On": {
									"Id": "On",
									"type": "Class",
									"value": {
										"dynState": {
											"Id": "4611686038108070002",
											"type": "Integer",
											"value": "71"
										}
									}
								},
								"Pulse": {
									"Id": "Pulse",
									"type": "Class",
									"value": {
										"dynState": {
											"Id": "4611686038108070002",
											"type": "Integer",
											"value": "3"
										}
									}
								},
								"Transition": {
									"Id": "Transition",
									"type": "Class",
									"value": {
										"dynState": {
											"Id": "4611686038108070002",
											"type": "Integer",
											"value": "3"
										}
									}
								}
							}
						},
						"4611686309969034000": {
							"Id": "4611686309969034000",
							"type": "Boolean",
							"value": ""
						},
						"4611686309969034001": {
							"Id": "4611686309969034001",
							"type": "Boolean",
							"value": ""
						},
						"4611686359083027001": {
							"Id": "4611686359083027001",
							"type": "Enum",
							"value": "dynPropTypeGR2"
						},
						"4611686359132287000": {
							"Id": "4611686359132287000",
							"type": "LookupList",
							"value": {}
						},
						"4611686359132287001": {
							"Id": "4611686359132287001",
							"type": "LookupList",
							"value": {}
						},
						"4611686359132287002": {
							"Id": "4611686359132287002",
							"type": "LookupList",
							"value": {}
						},
						"4611686359132287003": {
							"Id": "4611686359132287003",
							"type": "LookupList",
							"value": {}
						},
						"4611686359132287004": {
							"Id": "4611686359132287004",
							"type": "LookupList",
							"value": {}
						}
					},
					{
						"dynPosition": {
							"Id": "4611686038108070005",
							"type": "Vector3",
							"value": {
								"x": 0.006000000052154064,
								"y": 0.7289999723434448,
								"z": 0.0020000000949949026
							}
						},
						"dynRotation": {
							"Id": "4611686038108070006",
							"type": "Vector3",
							"value": {
								"x": 0,
								"y": 144.91799926757812,
								"z": 0
							}
						},
						"dynScale": {
							"Id": "4611686038108070007",
							"type": "Vector3",
							"value": {
								"x": 1,
								"y": 1,
								"z": 1
							}
						},
						"dynVisualFqn": {
							"Id": "4611686038125770001",
							"type": "String",
							"value": "/art/static/area/all_all/item/tech/all_item_tech_stealth_generator_purple.gr2"
						},
						"dynVisualName": {
							"Id": "4611686039107870012",
							"type": "String",
							"value": "obj_device_on"
						},
						"4611686309241734002": {
							"Id": "4611686309241734002",
							"type": "LookupList",
							"value": {
								"Destroyed": {
									"Id": "Destroyed",
									"type": "Class",
									"value": {}
								},
								"On": {
									"Id": "On",
									"type": "Class",
									"value": {
										"dynState": {
											"Id": "4611686038108070002",
											"type": "Integer",
											"value": "67"
										}
									}
								},
								"Pulse": {
									"Id": "Pulse",
									"type": "Class",
									"value": {
										"dynState": {
											"Id": "4611686038108070002",
											"type": "Integer",
											"value": "3"
										}
									}
								},
								"Transition": {
									"Id": "Transition",
									"type": "Class",
									"value": {
										"dynState": {
											"Id": "4611686038108070002",
											"type": "Integer",
											"value": "3"
										}
									}
								}
							}
						},
						"4611686309969034000": {
							"Id": "4611686309969034000",
							"type": "Boolean",
							"value": ""
						},
						"4611686359083027001": {
							"Id": "4611686359083027001",
							"type": "Enum",
							"value": "dynPropTypeGR2"
						},
						"4611686359132287000": {
							"Id": "4611686359132287000",
							"type": "LookupList",
							"value": {}
						},
						"4611686359132287001": {
							"Id": "4611686359132287001",
							"type": "LookupList",
							"value": {}
						},
						"4611686359132287002": {
							"Id": "4611686359132287002",
							"type": "LookupList",
							"value": {}
						},
						"4611686359132287003": {
							"Id": "4611686359132287003",
							"type": "LookupList",
							"value": {}
						},
						"4611686359132287004": {
							"Id": "4611686359132287004",
							"type": "LookupList",
							"value": {}
						}
					},
					{
						"dynPosition": {
							"Id": "4611686038108070005",
							"type": "Vector3",
							"value": {
								"x": 0.006000000052154064,
								"y": 0.7289999723434448,
								"z": 0.0020000000949949026
							}
						},
						"dynRotation": {
							"Id": "4611686038108070006",
							"type": "Vector3",
							"value": {
								"x": 0,
								"y": 144.91799926757812,
								"z": 0
							}
						},
						"dynScale": {
							"Id": "4611686038108070007",
							"type": "Vector3",
							"value": {
								"x": 1,
								"y": 1,
								"z": 1
							}
						},
						"dynVisualFqn": {
							"Id": "4611686038125770001",
							"type": "String",
							"value": "/art/static/area/all_all/item/tech/all_item_tech_stealth_generator_off.gr2"
						},
						"dynVisualName": {
							"Id": "4611686039107870012",
							"type": "String",
							"value": "obj_device_off"
						},
						"4611686309241734002": {
							"Id": "4611686309241734002",
							"type": "LookupList",
							"value": {
								"Destroyed": {
									"Id": "Destroyed",
									"type": "Class",
									"value": {
										"dynState": {
											"Id": "4611686038108070002",
											"type": "Integer",
											"value": "3"
										}
									}
								},
								"On": {
									"Id": "On",
									"type": "Class",
									"value": {}
								},
								"Pulse": {
									"Id": "Pulse",
									"type": "Class",
									"value": {}
								},
								"Transition": {
									"Id": "Transition",
									"type": "Class",
									"value": {}
								}
							}
						},
						"4611686309969034000": {
							"Id": "4611686309969034000",
							"type": "Boolean",
							"value": ""
						},
						"4611686359083027001": {
							"Id": "4611686359083027001",
							"type": "Enum",
							"value": "dynPropTypeGR2"
						},
						"4611686359132287000": {
							"Id": "4611686359132287000",
							"type": "LookupList",
							"value": {}
						},
						"4611686359132287001": {
							"Id": "4611686359132287001",
							"type": "LookupList",
							"value": {}
						},
						"4611686359132287002": {
							"Id": "4611686359132287002",
							"type": "LookupList",
							"value": {}
						},
						"4611686359132287003": {
							"Id": "4611686359132287003",
							"type": "LookupList",
							"value": {}
						},
						"4611686359132287004": {
							"Id": "4611686359132287004",
							"type": "LookupList",
							"value": {}
						}
					},
					{
						"dynPosition": {
							"Id": "4611686038108070005",
							"type": "Vector3",
							"value": {
								"x": 0.00171999994199723,
								"y": -0.11173000186681747,
								"z": 0.009320000186562538
							}
						},
						"dynRotation": {
							"Id": "4611686038108070006",
							"type": "Vector3",
							"value": {
								"x": 0,
								"y": 142.1719970703125,
								"z": 0
							}
						},
						"dynScale": {
							"Id": "4611686038108070007",
							"type": "Vector3",
							"value": {
								"x": 1,
								"y": 1,
								"z": 1
							}
						},
						"dynVisualFqn": {
							"Id": "4611686038125770001",
							"type": "String",
							"value": "/art/static/area/all_all/item/tech/all_item_tech_stealth_generator_mount_purple_emiss.gr2"
						},
						"dynVisualName": {
							"Id": "4611686039107870012",
							"type": "String",
							"value": "obj_device_emissive"
						},
						"4611686309241734002": {
							"Id": "4611686309241734002",
							"type": "LookupList",
							"value": {
								"Destroyed": {
									"Id": "Destroyed",
									"type": "Class",
									"value": {}
								},
								"On": {
									"Id": "On",
									"type": "Class",
									"value": {
										"dynState": {
											"Id": "4611686038108070002",
											"type": "Integer",
											"value": "3"
										}
									}
								},
								"Pulse": {
									"Id": "Pulse",
									"type": "Class",
									"value": {
										"dynState": {
											"Id": "4611686038108070002",
											"type": "Integer",
											"value": "3"
										}
									}
								},
								"Transition": {
									"Id": "Transition",
									"type": "Class",
									"value": {
										"dynState": {
											"Id": "4611686038108070002",
											"type": "Integer",
											"value": "3"
										}
									}
								}
							}
						},
						"4611686309969034000": {
							"Id": "4611686309969034000",
							"type": "Boolean",
							"value": ""
						},
						"4611686359083027001": {
							"Id": "4611686359083027001",
							"type": "Enum",
							"value": "dynPropTypeGR2"
						},
						"4611686359132287000": {
							"Id": "4611686359132287000",
							"type": "LookupList",
							"value": {}
						},
						"4611686359132287001": {
							"Id": "4611686359132287001",
							"type": "LookupList",
							"value": {}
						},
						"4611686359132287002": {
							"Id": "4611686359132287002",
							"type": "LookupList",
							"value": {}
						},
						"4611686359132287003": {
							"Id": "4611686359132287003",
							"type": "LookupList",
							"value": {}
						},
						"4611686359132287004": {
							"Id": "4611686359132287004",
							"type": "LookupList",
							"value": {}
						}
					},
					{
						"dynPosition": {
							"Id": "4611686038108070005",
							"type": "Vector3",
							"value": {
								"x": -0.002050000010058284,
								"y": 0.13675999641418457,
								"z": 0.005960000213235617
							}
						},
						"dynRotation": {
							"Id": "4611686038108070006",
							"type": "Vector3",
							"value": {
								"x": 90,
								"y": 0,
								"z": 0
							}
						},
						"dynScale": {
							"Id": "4611686038108070007",
							"type": "Vector3",
							"value": {
								"x": 1.8177000284194946,
								"y": 1.8177000284194946,
								"z": 1.0492000579833984
							}
						},
						"dynVisualFqn": {
							"Id": "4611686038125770001",
							"type": "String",
							"value": "/engine/light.lit"
						},
						"dynVisualName": {
							"Id": "4611686039107870012",
							"type": "String",
							"value": "light_purple"
						},
						"4611686309241734002": {
							"Id": "4611686309241734002",
							"type": "LookupList",
							"value": {
								"Destroyed": {
									"Id": "Destroyed",
									"type": "Class",
									"value": {
										"dynState": {
											"Id": "4611686038108070002",
											"type": "Integer",
											"value": "2"
										}
									}
								},
								"On": {
									"Id": "On",
									"type": "Class",
									"value": {
										"dynState": {
											"Id": "4611686038108070002",
											"type": "Integer",
											"value": "3"
										}
									}
								},
								"Pulse": {
									"Id": "Pulse",
									"type": "Class",
									"value": {
										"dynState": {
											"Id": "4611686038108070002",
											"type": "Integer",
											"value": "3"
										}
									}
								},
								"Transition": {
									"Id": "Transition",
									"type": "Class",
									"value": {
										"dynState": {
											"Id": "4611686038108070002",
											"type": "Integer",
											"value": "3"
										}
									}
								}
							}
						},
						"4611686309969034000": {
							"Id": "4611686309969034000",
							"type": "Boolean",
							"value": ""
						},
						"4611686359083027001": {
							"Id": "4611686359083027001",
							"type": "Enum",
							"value": "dynPropTypeLight"
						},
						"4611686359132287000": {
							"Id": "4611686359132287000",
							"type": "LookupList",
							"value": {
								"2600316532131449482": {
									"Id": "2600316532131449482",
									"type": "String",
									"value": "[0:2.25:L][0.1:1.8:L][0.255:1.6:L][0.58:2:L][0.699:1.7:L][0.845:1.9:L][1.9:2.25:L]L"
								},
								"4517970592427740037": {
									"Id": "4517970592427740037",
									"type": "String",
									"value": "art/lights/235_033_096"
								},
								"4748468179436753632": {
									"Id": "4748468179436753632",
									"type": "String",
									"value": "art/lights/lum_nar_signglow"
								},
								"6349573576868323461": {
									"Id": "6349573576868323461",
									"type": "String",
									"value": "art/lights/falloff_exponential.tiny"
								},
								"6521451727119918103": {
									"Id": "6521451727119918103",
									"type": "String",
									"value": "OMNI"
								},
								"17837464995121910744": {
									"Id": "17837464995121910744",
									"type": "String",
									"value": "#0.8,0.228,0.992,1"
								}
							}
						},
						"4611686359132287001": {
							"Id": "4611686359132287001",
							"type": "LookupList",
							"value": {}
						},
						"4611686359132287002": {
							"Id": "4611686359132287002",
							"type": "LookupList",
							"value": {
								"2758068308593703698": {
									"Id": "2758068308593703698",
									"type": "Float",
									"value": ""
								},
								"3476135911318064396": {
									"Id": "3476135911318064396",
									"type": "Float",
									"value": ""
								}
							}
						},
						"4611686359132287003": {
							"Id": "4611686359132287003",
							"type": "LookupList",
							"value": {}
						},
						"4611686359132287004": {
							"Id": "4611686359132287004",
							"type": "LookupList",
							"value": {
								"454574790820696724": {
									"Id": "454574790820696724",
									"type": "Boolean",
									"value": ""
								}
							}
						}
					},
					{
						"dynScale": {
							"Id": "4611686038108070007",
							"type": "Vector3",
							"value": {
								"x": 1,
								"y": 1,
								"z": 1
							}
						},
						"dynVisualFqn": {
							"Id": "4611686038125770001",
							"type": "String",
							"value": "/environments/oricon/env_oricon_energy_device_pulse_01.fxspec"
						},
						"dynVisualName": {
							"Id": "4611686039107870012",
							"type": "String",
							"value": "fx_energy_pulse"
						},
						"4611686309241734002": {
							"Id": "4611686309241734002",
							"type": "LookupList",
							"value": {
								"Destroyed": {
									"Id": "Destroyed",
									"type": "Class",
									"value": {}
								},
								"On": {
									"Id": "On",
									"type": "Class",
									"value": {}
								},
								"Pulse": {
									"Id": "Pulse",
									"type": "Class",
									"value": {}
								},
								"Transition": {
									"Id": "Transition",
									"type": "Class",
									"value": {}
								}
							}
						},
						"4611686359083027001": {
							"Id": "4611686359083027001",
							"type": "Enum",
							"value": "dynPropTypeFx"
						},
						"4611686359132287000": {
							"Id": "4611686359132287000",
							"type": "LookupList",
							"value": {
								"13714447992837971661": {
									"Id": "13714447992837971661",
									"type": "String",
									"value": "FxStopsItself"
								}
							}
						},
						"4611686359132287001": {
							"Id": "4611686359132287001",
							"type": "LookupList",
							"value": {}
						},
						"4611686359132287002": {
							"Id": "4611686359132287002",
							"type": "LookupList",
							"value": {
								"4286554582109872652": {
									"Id": "4286554582109872652",
									"type": "Float",
									"value": ""
								},
								"7901562086685967299": {
									"Id": "7901562086685967299",
									"type": "Float",
									"value": ""
								},
								"14178477860418805427": {
									"Id": "14178477860418805427",
									"type": "Float",
									"value": ""
								},
								"18162645580767177861": {
									"Id": "18162645580767177861",
									"type": "Float",
									"value": ""
								}
							}
						},
						"4611686359132287003": {
							"Id": "4611686359132287003",
							"type": "LookupList",
							"value": {
								"371107773437710760": {
									"Id": "371107773437710760",
									"type": "Vector3",
									"value": {
										"x": 0,
										"y": 0,
										"z": 0
									}
								}
							}
						},
						"4611686359132287004": {
							"Id": "4611686359132287004",
							"type": "LookupList",
							"value": {
								"13118740165362822115": {
									"Id": "13118740165362822115",
									"type": "Boolean",
									"value": ""
								}
							}
						}
					},
					{
						"dynScale": {
							"Id": "4611686038108070007",
							"type": "Vector3",
							"value": {
								"x": 1,
								"y": 1,
								"z": 1
							}
						},
						"dynVisualFqn": {
							"Id": "4611686038125770001",
							"type": "String",
							"value": "/environments/oricon/env_oricon_energy_chain_start_object_01.fxspec"
						},
						"dynVisualName": {
							"Id": "4611686039107870012",
							"type": "String",
							"value": "fx_energy_pulse_flash"
						},
						"4611686309241734002": {
							"Id": "4611686309241734002",
							"type": "LookupList",
							"value": {
								"Destroyed": {
									"Id": "Destroyed",
									"type": "Class",
									"value": {}
								},
								"On": {
									"Id": "On",
									"type": "Class",
									"value": {}
								},
								"Pulse": {
									"Id": "Pulse",
									"type": "Class",
									"value": {
										"dynState": {
											"Id": "4611686038108070002",
											"type": "Integer",
											"value": "1"
										}
									}
								},
								"Transition": {
									"Id": "Transition",
									"type": "Class",
									"value": {}
								}
							}
						},
						"4611686359083027001": {
							"Id": "4611686359083027001",
							"type": "Enum",
							"value": "dynPropTypeFx"
						},
						"4611686359132287000": {
							"Id": "4611686359132287000",
							"type": "LookupList",
							"value": {
								"13714447992837971661": {
									"Id": "13714447992837971661",
									"type": "String",
									"value": "FxStopsItself"
								}
							}
						},
						"4611686359132287001": {
							"Id": "4611686359132287001",
							"type": "LookupList",
							"value": {}
						},
						"4611686359132287002": {
							"Id": "4611686359132287002",
							"type": "LookupList",
							"value": {
								"4286554582109872652": {
									"Id": "4286554582109872652",
									"type": "Float",
									"value": ""
								},
								"7901562086685967299": {
									"Id": "7901562086685967299",
									"type": "Float",
									"value": ""
								},
								"14178477860418805427": {
									"Id": "14178477860418805427",
									"type": "Float",
									"value": ""
								},
								"18162645580767177861": {
									"Id": "18162645580767177861",
									"type": "Float",
									"value": ""
								}
							}
						},
						"4611686359132287003": {
							"Id": "4611686359132287003",
							"type": "LookupList",
							"value": {
								"371107773437710760": {
									"Id": "371107773437710760",
									"type": "Vector3",
									"value": {
										"x": 0,
										"y": 0,
										"z": 0
									}
								}
							}
						},
						"4611686359132287004": {
							"Id": "4611686359132287004",
							"type": "LookupList",
							"value": {
								"13118740165362822115": {
									"Id": "13118740165362822115",
									"type": "Boolean",
									"value": ""
								}
							}
						}
					}
				],
				"type": "Class"
			}
		},
		"dynStateNameToListOfVisualStates": {
			"Id": "4611686038108070012",
			"type": "LookupList",
			"value": {
				"Destroyed": {
					"Id": "Destroyed",
					"type": "List",
					"value": {
						"list": [
							{
								"dynState": {
									"Id": "4611686038108070002",
									"type": "Integer",
									"value": "1"
								}
							},
							{},
							{},
							{},
							{},
							{
								"dynState": {
									"Id": "4611686038108070002",
									"type": "Integer",
									"value": "1"
								}
							},
							{
								"dynState": {
									"Id": "4611686038108070002",
									"type": "Integer",
									"value": "1"
								}
							},
							{
								"dynState": {
									"Id": "4611686038108070002",
									"type": "Integer",
									"value": "1"
								}
							},
							{},
							{
								"dynState": {
									"Id": "4611686038108070002",
									"type": "Integer",
									"value": "3"
								}
							},
							{},
							{
								"dynState": {
									"Id": "4611686038108070002",
									"type": "Integer",
									"value": "2"
								}
							},
							{},
							{}
						],
						"type": "Class"
					}
				},
				"On": {
					"Id": "On",
					"type": "List",
					"value": {
						"list": [
							{
								"dynState": {
									"Id": "4611686038108070002",
									"type": "Integer",
									"value": "1"
								}
							},
							{
								"dynState": {
									"Id": "4611686038108070002",
									"type": "Integer",
									"value": "1"
								}
							},
							{
								"dynState": {
									"Id": "4611686038108070002",
									"type": "Integer",
									"value": "1"
								}
							},
							{
								"dynState": {
									"Id": "4611686038108070002",
									"type": "Integer",
									"value": "1"
								}
							},
							{
								"dynState": {
									"Id": "4611686038108070002",
									"type": "Integer",
									"value": "1"
								}
							},
							{},
							{
								"dynState": {
									"Id": "4611686038108070002",
									"type": "Integer",
									"value": "1"
								}
							},
							{
								"dynState": {
									"Id": "4611686038108070002",
									"type": "Integer",
									"value": "71"
								}
							},
							{
								"dynState": {
									"Id": "4611686038108070002",
									"type": "Integer",
									"value": "67"
								}
							},
							{},
							{
								"dynState": {
									"Id": "4611686038108070002",
									"type": "Integer",
									"value": "3"
								}
							},
							{
								"dynState": {
									"Id": "4611686038108070002",
									"type": "Integer",
									"value": "3"
								}
							},
							{},
							{}
						],
						"type": "Class"
					}
				},
				"Pulse": {
					"Id": "Pulse",
					"type": "List",
					"value": {
						"list": [
							{
								"dynState": {
									"Id": "4611686038108070002",
									"type": "Integer",
									"value": "1"
								}
							},
							{
								"dynState": {
									"Id": "4611686038108070002",
									"type": "Integer",
									"value": "1"
								}
							},
							{
								"dynState": {
									"Id": "4611686038108070002",
									"type": "Integer",
									"value": "1"
								}
							},
							{
								"dynState": {
									"Id": "4611686038108070002",
									"type": "Integer",
									"value": "1"
								}
							},
							{
								"dynState": {
									"Id": "4611686038108070002",
									"type": "Integer",
									"value": "1"
								}
							},
							{},
							{
								"dynState": {
									"Id": "4611686038108070002",
									"type": "Integer",
									"value": "1"
								}
							},
							{
								"dynState": {
									"Id": "4611686038108070002",
									"type": "Integer",
									"value": "3"
								}
							},
							{
								"dynState": {
									"Id": "4611686038108070002",
									"type": "Integer",
									"value": "3"
								}
							},
							{},
							{
								"dynState": {
									"Id": "4611686038108070002",
									"type": "Integer",
									"value": "3"
								}
							},
							{
								"dynState": {
									"Id": "4611686038108070002",
									"type": "Integer",
									"value": "3"
								}
							},
							{},
							{
								"dynState": {
									"Id": "4611686038108070002",
									"type": "Integer",
									"value": "1"
								}
							}
						],
						"type": "Class"
					}
				},
				"Transition": {
					"Id": "Transition",
					"type": "List",
					"value": {
						"list": [
							{
								"dynState": {
									"Id": "4611686038108070002",
									"type": "Integer",
									"value": "1"
								}
							},
							{
								"dynState": {
									"Id": "4611686038108070002",
									"type": "Integer",
									"value": "1"
								}
							},
							{
								"dynState": {
									"Id": "4611686038108070002",
									"type": "Integer",
									"value": "1"
								}
							},
							{
								"dynState": {
									"Id": "4611686038108070002",
									"type": "Integer",
									"value": "1"
								}
							},
							{
								"dynState": {
									"Id": "4611686038108070002",
									"type": "Integer",
									"value": "1"
								}
							},
							{},
							{
								"dynState": {
									"Id": "4611686038108070002",
									"type": "Integer",
									"value": "1"
								}
							},
							{
								"dynState": {
									"Id": "4611686038108070002",
									"type": "Integer",
									"value": "3"
								}
							},
							{
								"dynState": {
									"Id": "4611686038108070002",
									"type": "Integer",
									"value": "3"
								}
							},
							{},
							{
								"dynState": {
									"Id": "4611686038108070002",
									"type": "Integer",
									"value": "3"
								}
							},
							{
								"dynState": {
									"Id": "4611686038108070002",
									"type": "Integer",
									"value": "3"
								}
							},
							{},
							{}
						],
						"type": "Class"
					}
				}
			}
		},
		"dynEventStates": {
			"Id": "4611686038389870003",
			"type": "List",
			"value": {
				"list": [
					{
						"dynFromState": {
							"Id": "4611686038389870000",
							"type": "String",
							"value": "On"
						},
						"dynToState": {
							"Id": "4611686038389870001",
							"type": "String",
							"value": "Destroyed"
						},
						"dyncalledEvent": {
							"Id": "4611686038389870004",
							"type": "String",
							"value": "On Custom:Destroyed"
						}
					}
				],
				"type": "Class"
			}
		},
		"dynFqn": {
			"Id": "4611686044100470019",
			"type": "String",
			"value": "dyn.daily_area.oricon.shared.dread_engines.terraform_device"
		},
		"dynRelatedHydra": {
			"Id": "4611686062713031202",
			"type": "ID",
			"value": "16141084460144788717"
		},
		"4611686298112784000": {
			"Id": "4611686298112784000",
			"type": "LookupList",
			"value": {
				"On": {
					"Id": "On",
					"type": "Boolean",
					"value": ""
				}
			}
		}
	}
}