{
	"dynPlaceable": {
		"dynVisualList": {
			"Id": "4611686038108070010",
			"type": "List",
			"value": {
				"list": [
					{
						"dynPosition": {
							"Id": "4611686038108070005",
							"type": "Vector3",
							"value": {
								"x": -0.2404100000858307,
								"y": 0.002099999925121665,
								"z": -0.21935999393463135
							}
						},
						"dynRotation": {
							"Id": "4611686038108070006",
							"type": "Vector3",
							"value": {
								"x": -0.07930999994277954,
								"y": -268.9934997558594,
								"z": -179.93600463867188
							}
						},
						"dynScale": {
							"Id": "4611686038108070007",
							"type": "Vector3",
							"value": {
								"x": 1,
								"y": 1,
								"z": 1
							}
						},
						"dynVisualFqn": {
							"Id": "4611686038125770001",
							"type": "String",
							"value": "/art/static/area/all_all/arch/neutral/all_arch_neu_tent_bed.gr2"
						},
						"dynVisualName": {
							"Id": "4611686039107870012",
							"type": "String",
							"value": "all_arch_neu_tent_bed"
						},
						"4611686309241734002": {
							"Id": "4611686309241734002",
							"type": "LookupList",
							"value": {
								"Off": {
									"Id": "Off",
									"type": "Class",
									"value": {}
								},
								"On": {
									"Id": "On",
									"type": "Class",
									"value": {
										"dynState": {
											"Id": "4611686038108070002",
											"type": "Integer",
											"value": "1"
										}
									}
								}
							}
						},
						"4611686359083027001": {
							"Id": "4611686359083027001",
							"type": "Enum",
							"value": "dynPropTypeGR2"
						},
						"4611686359132287000": {
							"Id": "4611686359132287000",
							"type": "LookupList",
							"value": {
								"13216694345345269136": {
									"Id": "13216694345345269136",
									"type": "String",
									"value": ""
								},
								"16009831945395381178": {
									"Id": "16009831945395381178",
									"type": "String",
									"value": "CASTING_ALWAYS"
								},
								"18381402898764148109": {
									"Id": "18381402898764148109",
									"type": "String",
									"value": "CASTING_ALWAYS"
								}
							}
						},
						"4611686359132287001": {
							"Id": "4611686359132287001",
							"type": "LookupList",
							"value": {}
						},
						"4611686359132287002": {
							"Id": "4611686359132287002",
							"type": "LookupList",
							"value": {}
						},
						"4611686359132287003": {
							"Id": "4611686359132287003",
							"type": "LookupList",
							"value": {}
						},
						"4611686359132287004": {
							"Id": "4611686359132287004",
							"type": "LookupList",
							"value": {}
						}
					},
					{
						"dynPosition": {
							"Id": "4611686038108070005",
							"type": "Vector3",
							"value": {
								"x": -0.23779000341892242,
								"y": 0.0005000000237487257,
								"z": 0.19196000695228577
							}
						},
						"dynRotation": {
							"Id": "4611686038108070006",
							"type": "Vector3",
							"value": {
								"x": 0.04058000072836876,
								"y": -89.17598724365234,
								"z": 179.8448028564453
							}
						},
						"dynScale": {
							"Id": "4611686038108070007",
							"type": "Vector3",
							"value": {
								"x": 1,
								"y": 1,
								"z": 1
							}
						},
						"dynVisualFqn": {
							"Id": "4611686038125770001",
							"type": "String",
							"value": "/art/static/area/all_all/arch/neutral/all_arch_neu_tent_bed.gr2"
						},
						"dynVisualName": {
							"Id": "4611686039107870012",
							"type": "String",
							"value": "all_arch_neu_tent_bed1"
						},
						"4611686309241734002": {
							"Id": "4611686309241734002",
							"type": "LookupList",
							"value": {
								"Off": {
									"Id": "Off",
									"type": "Class",
									"value": {}
								},
								"On": {
									"Id": "On",
									"type": "Class",
									"value": {
										"dynState": {
											"Id": "4611686038108070002",
											"type": "Integer",
											"value": "1"
										}
									}
								}
							}
						},
						"4611686359083027001": {
							"Id": "4611686359083027001",
							"type": "Enum",
							"value": "dynPropTypeGR2"
						},
						"4611686359132287000": {
							"Id": "4611686359132287000",
							"type": "LookupList",
							"value": {
								"13216694345345269136": {
									"Id": "13216694345345269136",
									"type": "String",
									"value": ""
								},
								"16009831945395381178": {
									"Id": "16009831945395381178",
									"type": "String",
									"value": "CASTING_ALWAYS"
								},
								"18381402898764148109": {
									"Id": "18381402898764148109",
									"type": "String",
									"value": "CASTING_ALWAYS"
								}
							}
						},
						"4611686359132287001": {
							"Id": "4611686359132287001",
							"type": "LookupList",
							"value": {}
						},
						"4611686359132287002": {
							"Id": "4611686359132287002",
							"type": "LookupList",
							"value": {}
						},
						"4611686359132287003": {
							"Id": "4611686359132287003",
							"type": "LookupList",
							"value": {}
						},
						"4611686359132287004": {
							"Id": "4611686359132287004",
							"type": "LookupList",
							"value": {}
						}
					},
					{
						"dynPosition": {
							"Id": "4611686038108070005",
							"type": "Vector3",
							"value": {
								"x": 0.2548600137233734,
								"y": 0.0007999999797903001,
								"z": 0.28294000029563904
							}
						},
						"dynRotation": {
							"Id": "4611686038108070006",
							"type": "Vector3",
							"value": {
								"x": 0,
								"y": -53.90148162841797,
								"z": 0
							}
						},
						"dynScale": {
							"Id": "4611686038108070007",
							"type": "Vector3",
							"value": {
								"x": 1,
								"y": 1,
								"z": 1
							}
						},
						"dynVisualFqn": {
							"Id": "4611686038125770001",
							"type": "String",
							"value": "/art/static/area/all_all/item/corpse/corpse_sw_baggy_heavy_a05_c01_bfa.gr2"
						},
						"dynVisualName": {
							"Id": "4611686039107870012",
							"type": "String",
							"value": "corpse_sw_baggy_heavy_a05_c01_bfa"
						},
						"4611686309241734002": {
							"Id": "4611686309241734002",
							"type": "LookupList",
							"value": {
								"Off": {
									"Id": "Off",
									"type": "Class",
									"value": {}
								},
								"On": {
									"Id": "On",
									"type": "Class",
									"value": {
										"dynState": {
											"Id": "4611686038108070002",
											"type": "Integer",
											"value": "1"
										}
									}
								}
							}
						},
						"4611686359083027001": {
							"Id": "4611686359083027001",
							"type": "Enum",
							"value": "dynPropTypeGR2"
						},
						"4611686359132287000": {
							"Id": "4611686359132287000",
							"type": "LookupList",
							"value": {
								"13216694345345269136": {
									"Id": "13216694345345269136",
									"type": "String",
									"value": ""
								},
								"16009831945395381178": {
									"Id": "16009831945395381178",
									"type": "String",
									"value": "CASTING_ALWAYS"
								},
								"18381402898764148109": {
									"Id": "18381402898764148109",
									"type": "String",
									"value": "CASTING_ALWAYS"
								}
							}
						},
						"4611686359132287001": {
							"Id": "4611686359132287001",
							"type": "LookupList",
							"value": {}
						},
						"4611686359132287002": {
							"Id": "4611686359132287002",
							"type": "LookupList",
							"value": {}
						},
						"4611686359132287003": {
							"Id": "4611686359132287003",
							"type": "LookupList",
							"value": {}
						},
						"4611686359132287004": {
							"Id": "4611686359132287004",
							"type": "LookupList",
							"value": {}
						}
					},
					{
						"dynPosition": {
							"Id": "4611686038108070005",
							"type": "Vector3",
							"value": {
								"x": 0.23104000091552734,
								"y": 0,
								"z": 0.1733900010585785
							}
						},
						"dynRotation": {
							"Id": "4611686038108070006",
							"type": "Vector3",
							"value": {
								"x": 0.1594099998474121,
								"y": -270.2745056152344,
								"z": -179.9340057373047
							}
						},
						"dynScale": {
							"Id": "4611686038108070007",
							"type": "Vector3",
							"value": {
								"x": 1,
								"y": 1,
								"z": 1
							}
						},
						"dynVisualFqn": {
							"Id": "4611686038125770001",
							"type": "String",
							"value": "/art/static/area/all_all/arch/neutral/all_arch_neu_tent_bed.gr2"
						},
						"dynVisualName": {
							"Id": "4611686039107870012",
							"type": "String",
							"value": "all_arch_neu_tent_bed12"
						},
						"4611686309241734002": {
							"Id": "4611686309241734002",
							"type": "LookupList",
							"value": {
								"Off": {
									"Id": "Off",
									"type": "Class",
									"value": {}
								},
								"On": {
									"Id": "On",
									"type": "Class",
									"value": {
										"dynState": {
											"Id": "4611686038108070002",
											"type": "Integer",
											"value": "1"
										}
									}
								}
							}
						},
						"4611686359083027001": {
							"Id": "4611686359083027001",
							"type": "Enum",
							"value": "dynPropTypeGR2"
						},
						"4611686359132287000": {
							"Id": "4611686359132287000",
							"type": "LookupList",
							"value": {
								"13216694345345269136": {
									"Id": "13216694345345269136",
									"type": "String",
									"value": ""
								},
								"16009831945395381178": {
									"Id": "16009831945395381178",
									"type": "String",
									"value": "CASTING_ALWAYS"
								},
								"18381402898764148109": {
									"Id": "18381402898764148109",
									"type": "String",
									"value": "CASTING_ALWAYS"
								}
							}
						},
						"4611686359132287001": {
							"Id": "4611686359132287001",
							"type": "LookupList",
							"value": {}
						},
						"4611686359132287002": {
							"Id": "4611686359132287002",
							"type": "LookupList",
							"value": {}
						},
						"4611686359132287003": {
							"Id": "4611686359132287003",
							"type": "LookupList",
							"value": {}
						},
						"4611686359132287004": {
							"Id": "4611686359132287004",
							"type": "LookupList",
							"value": {}
						}
					},
					{
						"dynPosition": {
							"Id": "4611686038108070005",
							"type": "Vector3",
							"value": {
								"x": 0.1974399983882904,
								"y": 0.0012000000569969416,
								"z": 0.09240999817848206
							}
						},
						"dynRotation": {
							"Id": "4611686038108070006",
							"type": "Vector3",
							"value": {
								"x": 0,
								"y": -83.9014892578125,
								"z": 0
							}
						},
						"dynScale": {
							"Id": "4611686038108070007",
							"type": "Vector3",
							"value": {
								"x": 1,
								"y": 1,
								"z": 1
							}
						},
						"dynVisualFqn": {
							"Id": "4611686038125770001",
							"type": "String",
							"value": "/art/static/area/all_all/item/corpse/corpse_sw_tight_med_a01_c01_bmf.gr2"
						},
						"dynVisualName": {
							"Id": "4611686039107870012",
							"type": "String",
							"value": "corpse_sw_tight_med_a01_c01_bmf"
						},
						"4611686309241734002": {
							"Id": "4611686309241734002",
							"type": "LookupList",
							"value": {
								"Off": {
									"Id": "Off",
									"type": "Class",
									"value": {}
								},
								"On": {
									"Id": "On",
									"type": "Class",
									"value": {
										"dynState": {
											"Id": "4611686038108070002",
											"type": "Integer",
											"value": "1"
										}
									}
								}
							}
						},
						"4611686359083027001": {
							"Id": "4611686359083027001",
							"type": "Enum",
							"value": "dynPropTypeGR2"
						},
						"4611686359132287000": {
							"Id": "4611686359132287000",
							"type": "LookupList",
							"value": {
								"13216694345345269136": {
									"Id": "13216694345345269136",
									"type": "String",
									"value": ""
								},
								"16009831945395381178": {
									"Id": "16009831945395381178",
									"type": "String",
									"value": "CASTING_ALWAYS"
								},
								"18381402898764148109": {
									"Id": "18381402898764148109",
									"type": "String",
									"value": "CASTING_ALWAYS"
								}
							}
						},
						"4611686359132287001": {
							"Id": "4611686359132287001",
							"type": "LookupList",
							"value": {}
						},
						"4611686359132287002": {
							"Id": "4611686359132287002",
							"type": "LookupList",
							"value": {}
						},
						"4611686359132287003": {
							"Id": "4611686359132287003",
							"type": "LookupList",
							"value": {}
						},
						"4611686359132287004": {
							"Id": "4611686359132287004",
							"type": "LookupList",
							"value": {}
						}
					},
					{
						"dynPosition": {
							"Id": "4611686038108070005",
							"type": "Vector3",
							"value": {
								"x": -0.009569999761879444,
								"y": 0.0027000000700354576,
								"z": -0.2180899977684021
							}
						},
						"dynRotation": {
							"Id": "4611686038108070006",
							"type": "Vector3",
							"value": {
								"x": -0.07784999907016754,
								"y": -270.2745056152344,
								"z": -179.9340057373047
							}
						},
						"dynScale": {
							"Id": "4611686038108070007",
							"type": "Vector3",
							"value": {
								"x": 1,
								"y": 1,
								"z": 1
							}
						},
						"dynVisualFqn": {
							"Id": "4611686038125770001",
							"type": "String",
							"value": "/art/static/area/all_all/arch/neutral/all_arch_neu_tent_bed.gr2"
						},
						"dynVisualName": {
							"Id": "4611686039107870012",
							"type": "String",
							"value": "all_arch_neu_tent_bed123"
						},
						"4611686309241734002": {
							"Id": "4611686309241734002",
							"type": "LookupList",
							"value": {
								"Off": {
									"Id": "Off",
									"type": "Class",
									"value": {}
								},
								"On": {
									"Id": "On",
									"type": "Class",
									"value": {
										"dynState": {
											"Id": "4611686038108070002",
											"type": "Integer",
											"value": "1"
										}
									}
								}
							}
						},
						"4611686359083027001": {
							"Id": "4611686359083027001",
							"type": "Enum",
							"value": "dynPropTypeGR2"
						},
						"4611686359132287000": {
							"Id": "4611686359132287000",
							"type": "LookupList",
							"value": {
								"13216694345345269136": {
									"Id": "13216694345345269136",
									"type": "String",
									"value": ""
								},
								"16009831945395381178": {
									"Id": "16009831945395381178",
									"type": "String",
									"value": "CASTING_ALWAYS"
								},
								"18381402898764148109": {
									"Id": "18381402898764148109",
									"type": "String",
									"value": "CASTING_ALWAYS"
								}
							}
						},
						"4611686359132287001": {
							"Id": "4611686359132287001",
							"type": "LookupList",
							"value": {}
						},
						"4611686359132287002": {
							"Id": "4611686359132287002",
							"type": "LookupList",
							"value": {}
						},
						"4611686359132287003": {
							"Id": "4611686359132287003",
							"type": "LookupList",
							"value": {}
						},
						"4611686359132287004": {
							"Id": "4611686359132287004",
							"type": "LookupList",
							"value": {}
						}
					},
					{
						"dynPosition": {
							"Id": "4611686038108070005",
							"type": "Vector3",
							"value": {
								"x": 0.2180899977684021,
								"y": 0.004800000227987766,
								"z": -0.11738000065088272
							}
						},
						"dynRotation": {
							"Id": "4611686038108070006",
							"type": "Vector3",
							"value": {
								"x": 0,
								"y": -53.90148162841797,
								"z": 0
							}
						},
						"dynScale": {
							"Id": "4611686038108070007",
							"type": "Vector3",
							"value": {
								"x": 1,
								"y": 1,
								"z": 1
							}
						},
						"dynVisualFqn": {
							"Id": "4611686038125770001",
							"type": "String",
							"value": "/art/static/area/all_all/item/corpse/corpse_sp_tight_med_a01_c01_bms.gr2"
						},
						"dynVisualName": {
							"Id": "4611686039107870012",
							"type": "String",
							"value": "corpse_sp_tight_med_a01_c01_bms"
						},
						"4611686309241734002": {
							"Id": "4611686309241734002",
							"type": "LookupList",
							"value": {
								"Off": {
									"Id": "Off",
									"type": "Class",
									"value": {}
								},
								"On": {
									"Id": "On",
									"type": "Class",
									"value": {
										"dynState": {
											"Id": "4611686038108070002",
											"type": "Integer",
											"value": "1"
										}
									}
								}
							}
						},
						"4611686359083027001": {
							"Id": "4611686359083027001",
							"type": "Enum",
							"value": "dynPropTypeGR2"
						},
						"4611686359132287000": {
							"Id": "4611686359132287000",
							"type": "LookupList",
							"value": {
								"13216694345345269136": {
									"Id": "13216694345345269136",
									"type": "String",
									"value": ""
								},
								"16009831945395381178": {
									"Id": "16009831945395381178",
									"type": "String",
									"value": "CASTING_ALWAYS"
								},
								"18381402898764148109": {
									"Id": "18381402898764148109",
									"type": "String",
									"value": "CASTING_ALWAYS"
								}
							}
						},
						"4611686359132287001": {
							"Id": "4611686359132287001",
							"type": "LookupList",
							"value": {}
						},
						"4611686359132287002": {
							"Id": "4611686359132287002",
							"type": "LookupList",
							"value": {}
						},
						"4611686359132287003": {
							"Id": "4611686359132287003",
							"type": "LookupList",
							"value": {}
						},
						"4611686359132287004": {
							"Id": "4611686359132287004",
							"type": "LookupList",
							"value": {}
						}
					},
					{
						"dynPosition": {
							"Id": "4611686038108070005",
							"type": "Vector3",
							"value": {
								"x": 0.2601900100708008,
								"y": 0.004999999888241291,
								"z": -0.2263299971818924
							}
						},
						"dynRotation": {
							"Id": "4611686038108070006",
							"type": "Vector3",
							"value": {
								"x": 0,
								"y": -68.90148162841797,
								"z": 0
							}
						},
						"dynScale": {
							"Id": "4611686038108070007",
							"type": "Vector3",
							"value": {
								"x": 1,
								"y": 1,
								"z": 1
							}
						},
						"dynVisualFqn": {
							"Id": "4611686038125770001",
							"type": "String",
							"value": "/art/static/area/all_all/item/corpse/corpse_sp_tight_med_a04_c01_bfa.gr2"
						},
						"dynVisualName": {
							"Id": "4611686039107870012",
							"type": "String",
							"value": "corpse_sp_tight_med_a04_c01_bfa"
						},
						"4611686309241734002": {
							"Id": "4611686309241734002",
							"type": "LookupList",
							"value": {
								"Off": {
									"Id": "Off",
									"type": "Class",
									"value": {}
								},
								"On": {
									"Id": "On",
									"type": "Class",
									"value": {
										"dynState": {
											"Id": "4611686038108070002",
											"type": "Integer",
											"value": "1"
										}
									}
								}
							}
						},
						"4611686359083027001": {
							"Id": "4611686359083027001",
							"type": "Enum",
							"value": "dynPropTypeGR2"
						},
						"4611686359132287000": {
							"Id": "4611686359132287000",
							"type": "LookupList",
							"value": {
								"13216694345345269136": {
									"Id": "13216694345345269136",
									"type": "String",
									"value": ""
								},
								"16009831945395381178": {
									"Id": "16009831945395381178",
									"type": "String",
									"value": "CASTING_ALWAYS"
								},
								"18381402898764148109": {
									"Id": "18381402898764148109",
									"type": "String",
									"value": "CASTING_ALWAYS"
								}
							}
						},
						"4611686359132287001": {
							"Id": "4611686359132287001",
							"type": "LookupList",
							"value": {}
						},
						"4611686359132287002": {
							"Id": "4611686359132287002",
							"type": "LookupList",
							"value": {}
						},
						"4611686359132287003": {
							"Id": "4611686359132287003",
							"type": "LookupList",
							"value": {}
						},
						"4611686359132287004": {
							"Id": "4611686359132287004",
							"type": "LookupList",
							"value": {}
						}
					},
					{
						"dynPosition": {
							"Id": "4611686038108070005",
							"type": "Vector3",
							"value": {
								"x": 0.2327899932861328,
								"y": 0.0038999998942017555,
								"z": -0.21713000535964966
							}
						},
						"dynRotation": {
							"Id": "4611686038108070006",
							"type": "Vector3",
							"value": {
								"x": -0.07784999907016754,
								"y": -270.2745056152344,
								"z": -179.9340057373047
							}
						},
						"dynScale": {
							"Id": "4611686038108070007",
							"type": "Vector3",
							"value": {
								"x": 1,
								"y": 1,
								"z": 1
							}
						},
						"dynVisualFqn": {
							"Id": "4611686038125770001",
							"type": "String",
							"value": "/art/static/area/all_all/arch/neutral/all_arch_neu_tent_bed.gr2"
						},
						"dynVisualName": {
							"Id": "4611686039107870012",
							"type": "String",
							"value": "all_arch_neu_tent_bed1234"
						},
						"4611686309241734002": {
							"Id": "4611686309241734002",
							"type": "LookupList",
							"value": {
								"Off": {
									"Id": "Off",
									"type": "Class",
									"value": {}
								},
								"On": {
									"Id": "On",
									"type": "Class",
									"value": {
										"dynState": {
											"Id": "4611686038108070002",
											"type": "Integer",
											"value": "1"
										}
									}
								}
							}
						},
						"4611686359083027001": {
							"Id": "4611686359083027001",
							"type": "Enum",
							"value": "dynPropTypeGR2"
						},
						"4611686359132287000": {
							"Id": "4611686359132287000",
							"type": "LookupList",
							"value": {
								"13216694345345269136": {
									"Id": "13216694345345269136",
									"type": "String",
									"value": ""
								},
								"16009831945395381178": {
									"Id": "16009831945395381178",
									"type": "String",
									"value": "CASTING_ALWAYS"
								},
								"18381402898764148109": {
									"Id": "18381402898764148109",
									"type": "String",
									"value": "CASTING_ALWAYS"
								}
							}
						},
						"4611686359132287001": {
							"Id": "4611686359132287001",
							"type": "LookupList",
							"value": {}
						},
						"4611686359132287002": {
							"Id": "4611686359132287002",
							"type": "LookupList",
							"value": {}
						},
						"4611686359132287003": {
							"Id": "4611686359132287003",
							"type": "LookupList",
							"value": {}
						},
						"4611686359132287004": {
							"Id": "4611686359132287004",
							"type": "LookupList",
							"value": {}
						}
					},
					{
						"dynPosition": {
							"Id": "4611686038108070005",
							"type": "Vector3",
							"value": {
								"x": -0.016249999403953552,
								"y": 0.0015999999595806003,
								"z": 0.2674899995326996
							}
						},
						"dynRotation": {
							"Id": "4611686038108070006",
							"type": "Vector3",
							"value": {
								"x": 0,
								"y": -83.9014892578125,
								"z": 0
							}
						},
						"dynScale": {
							"Id": "4611686038108070007",
							"type": "Vector3",
							"value": {
								"x": 1,
								"y": 1,
								"z": 1
							}
						},
						"dynVisualFqn": {
							"Id": "4611686038125770001",
							"type": "String",
							"value": "/art/static/area/all_all/item/corpse/corpse_sw_tight_med_a01_c01_bfb.gr2"
						},
						"dynVisualName": {
							"Id": "4611686039107870012",
							"type": "String",
							"value": "corpse_sw_tight_med_a01_c01_bfb"
						},
						"4611686309241734002": {
							"Id": "4611686309241734002",
							"type": "LookupList",
							"value": {
								"Off": {
									"Id": "Off",
									"type": "Class",
									"value": {}
								},
								"On": {
									"Id": "On",
									"type": "Class",
									"value": {
										"dynState": {
											"Id": "4611686038108070002",
											"type": "Integer",
											"value": "1"
										}
									}
								}
							}
						},
						"4611686359083027001": {
							"Id": "4611686359083027001",
							"type": "Enum",
							"value": "dynPropTypeGR2"
						},
						"4611686359132287000": {
							"Id": "4611686359132287000",
							"type": "LookupList",
							"value": {
								"13216694345345269136": {
									"Id": "13216694345345269136",
									"type": "String",
									"value": ""
								},
								"16009831945395381178": {
									"Id": "16009831945395381178",
									"type": "String",
									"value": "CASTING_ALWAYS"
								},
								"18381402898764148109": {
									"Id": "18381402898764148109",
									"type": "String",
									"value": "CASTING_ALWAYS"
								}
							}
						},
						"4611686359132287001": {
							"Id": "4611686359132287001",
							"type": "LookupList",
							"value": {}
						},
						"4611686359132287002": {
							"Id": "4611686359132287002",
							"type": "LookupList",
							"value": {}
						},
						"4611686359132287003": {
							"Id": "4611686359132287003",
							"type": "LookupList",
							"value": {}
						},
						"4611686359132287004": {
							"Id": "4611686359132287004",
							"type": "LookupList",
							"value": {}
						}
					},
					{
						"dynPosition": {
							"Id": "4611686038108070005",
							"type": "Vector3",
							"value": {
								"x": 0.020400000736117363,
								"y": 0.0017000000225380063,
								"z": 0.11918000131845474
							}
						},
						"dynRotation": {
							"Id": "4611686038108070006",
							"type": "Vector3",
							"value": {
								"x": 0,
								"y": -68.90148162841797,
								"z": 0
							}
						},
						"dynScale": {
							"Id": "4611686038108070007",
							"type": "Vector3",
							"value": {
								"x": 1,
								"y": 1,
								"z": 1
							}
						},
						"dynVisualFqn": {
							"Id": "4611686038125770001",
							"type": "String",
							"value": "/art/static/area/all_all/item/corpse/corpse_sw_tight_med_a01_c01_bfs.gr2"
						},
						"dynVisualName": {
							"Id": "4611686039107870012",
							"type": "String",
							"value": "corpse_sw_tight_med_a01_c01_bfs"
						},
						"4611686309241734002": {
							"Id": "4611686309241734002",
							"type": "LookupList",
							"value": {
								"Off": {
									"Id": "Off",
									"type": "Class",
									"value": {}
								},
								"On": {
									"Id": "On",
									"type": "Class",
									"value": {
										"dynState": {
											"Id": "4611686038108070002",
											"type": "Integer",
											"value": "1"
										}
									}
								}
							}
						},
						"4611686359083027001": {
							"Id": "4611686359083027001",
							"type": "Enum",
							"value": "dynPropTypeGR2"
						},
						"4611686359132287000": {
							"Id": "4611686359132287000",
							"type": "LookupList",
							"value": {
								"13216694345345269136": {
									"Id": "13216694345345269136",
									"type": "String",
									"value": ""
								},
								"16009831945395381178": {
									"Id": "16009831945395381178",
									"type": "String",
									"value": "CASTING_ALWAYS"
								},
								"18381402898764148109": {
									"Id": "18381402898764148109",
									"type": "String",
									"value": "CASTING_ALWAYS"
								}
							}
						},
						"4611686359132287001": {
							"Id": "4611686359132287001",
							"type": "LookupList",
							"value": {}
						},
						"4611686359132287002": {
							"Id": "4611686359132287002",
							"type": "LookupList",
							"value": {}
						},
						"4611686359132287003": {
							"Id": "4611686359132287003",
							"type": "LookupList",
							"value": {}
						},
						"4611686359132287004": {
							"Id": "4611686359132287004",
							"type": "LookupList",
							"value": {}
						}
					},
					{
						"dynPosition": {
							"Id": "4611686038108070005",
							"type": "Vector3",
							"value": {
								"x": -0.004559999797493219,
								"y": 0.000699999975040555,
								"z": 0.1723099946975708
							}
						},
						"dynRotation": {
							"Id": "4611686038108070006",
							"type": "Vector3",
							"value": {
								"x": 0.1594099998474121,
								"y": -270.2745056152344,
								"z": -179.9340057373047
							}
						},
						"dynScale": {
							"Id": "4611686038108070007",
							"type": "Vector3",
							"value": {
								"x": 1,
								"y": 1,
								"z": 1
							}
						},
						"dynVisualFqn": {
							"Id": "4611686038125770001",
							"type": "String",
							"value": "/art/static/area/all_all/arch/neutral/all_arch_neu_tent_bed.gr2"
						},
						"dynVisualName": {
							"Id": "4611686039107870012",
							"type": "String",
							"value": "all_arch_neu_tent_bed12345"
						},
						"4611686309241734002": {
							"Id": "4611686309241734002",
							"type": "LookupList",
							"value": {
								"Off": {
									"Id": "Off",
									"type": "Class",
									"value": {}
								},
								"On": {
									"Id": "On",
									"type": "Class",
									"value": {
										"dynState": {
											"Id": "4611686038108070002",
											"type": "Integer",
											"value": "1"
										}
									}
								}
							}
						},
						"4611686359083027001": {
							"Id": "4611686359083027001",
							"type": "Enum",
							"value": "dynPropTypeGR2"
						},
						"4611686359132287000": {
							"Id": "4611686359132287000",
							"type": "LookupList",
							"value": {
								"13216694345345269136": {
									"Id": "13216694345345269136",
									"type": "String",
									"value": ""
								},
								"16009831945395381178": {
									"Id": "16009831945395381178",
									"type": "String",
									"value": "CASTING_ALWAYS"
								},
								"18381402898764148109": {
									"Id": "18381402898764148109",
									"type": "String",
									"value": "CASTING_ALWAYS"
								}
							}
						},
						"4611686359132287001": {
							"Id": "4611686359132287001",
							"type": "LookupList",
							"value": {}
						},
						"4611686359132287002": {
							"Id": "4611686359132287002",
							"type": "LookupList",
							"value": {}
						},
						"4611686359132287003": {
							"Id": "4611686359132287003",
							"type": "LookupList",
							"value": {}
						},
						"4611686359132287004": {
							"Id": "4611686359132287004",
							"type": "LookupList",
							"value": {}
						}
					},
					{
						"dynPosition": {
							"Id": "4611686038108070005",
							"type": "Vector3",
							"value": {
								"x": -0.04535000026226044,
								"y": 0.003599999938160181,
								"z": 0.06757000088691711
							}
						},
						"dynRotation": {
							"Id": "4611686038108070006",
							"type": "Vector3",
							"value": {
								"x": 0,
								"y": -68.90148162841797,
								"z": 0
							}
						},
						"dynScale": {
							"Id": "4611686038108070007",
							"type": "Vector3",
							"value": {
								"x": 1,
								"y": 1,
								"z": 1
							}
						},
						"dynVisualFqn": {
							"Id": "4611686038125770001",
							"type": "String",
							"value": "/art/static/area/all_all/item/corpse/corpse_sp_tight_med_a01_c01_bfa.gr2"
						},
						"dynVisualName": {
							"Id": "4611686039107870012",
							"type": "String",
							"value": "corpse_sp_tight_med_a01_c01_bfa"
						},
						"4611686309241734002": {
							"Id": "4611686309241734002",
							"type": "LookupList",
							"value": {
								"Off": {
									"Id": "Off",
									"type": "Class",
									"value": {}
								},
								"On": {
									"Id": "On",
									"type": "Class",
									"value": {
										"dynState": {
											"Id": "4611686038108070002",
											"type": "Integer",
											"value": "1"
										}
									}
								}
							}
						},
						"4611686359083027001": {
							"Id": "4611686359083027001",
							"type": "Enum",
							"value": "dynPropTypeGR2"
						},
						"4611686359132287000": {
							"Id": "4611686359132287000",
							"type": "LookupList",
							"value": {
								"13216694345345269136": {
									"Id": "13216694345345269136",
									"type": "String",
									"value": ""
								},
								"16009831945395381178": {
									"Id": "16009831945395381178",
									"type": "String",
									"value": "CASTING_ALWAYS"
								},
								"18381402898764148109": {
									"Id": "18381402898764148109",
									"type": "String",
									"value": "CASTING_ALWAYS"
								}
							}
						},
						"4611686359132287001": {
							"Id": "4611686359132287001",
							"type": "LookupList",
							"value": {}
						},
						"4611686359132287002": {
							"Id": "4611686359132287002",
							"type": "LookupList",
							"value": {}
						},
						"4611686359132287003": {
							"Id": "4611686359132287003",
							"type": "LookupList",
							"value": {}
						},
						"4611686359132287004": {
							"Id": "4611686359132287004",
							"type": "LookupList",
							"value": {}
						}
					},
					{
						"dynPosition": {
							"Id": "4611686038108070005",
							"type": "Vector3",
							"value": {
								"x": -0.0035000001080334187,
								"y": 0.003700000001117587,
								"z": -0.23559999465942383
							}
						},
						"dynRotation": {
							"Id": "4611686038108070006",
							"type": "Vector3",
							"value": {
								"x": 0,
								"y": -308.9014892578125,
								"z": 0
							}
						},
						"dynScale": {
							"Id": "4611686038108070007",
							"type": "Vector3",
							"value": {
								"x": 1,
								"y": 1,
								"z": 1
							}
						},
						"dynVisualFqn": {
							"Id": "4611686038125770001",
							"type": "String",
							"value": "/art/static/area/all_all/item/corpse/corpse_sp_tight_med_a01_c01_bmf.gr2"
						},
						"dynVisualName": {
							"Id": "4611686039107870012",
							"type": "String",
							"value": "corpse_sp_tight_med_a01_c01_bmf"
						},
						"4611686309241734002": {
							"Id": "4611686309241734002",
							"type": "LookupList",
							"value": {
								"Off": {
									"Id": "Off",
									"type": "Class",
									"value": {}
								},
								"On": {
									"Id": "On",
									"type": "Class",
									"value": {
										"dynState": {
											"Id": "4611686038108070002",
											"type": "Integer",
											"value": "1"
										}
									}
								}
							}
						},
						"4611686359083027001": {
							"Id": "4611686359083027001",
							"type": "Enum",
							"value": "dynPropTypeGR2"
						},
						"4611686359132287000": {
							"Id": "4611686359132287000",
							"type": "LookupList",
							"value": {
								"13216694345345269136": {
									"Id": "13216694345345269136",
									"type": "String",
									"value": ""
								},
								"16009831945395381178": {
									"Id": "16009831945395381178",
									"type": "String",
									"value": "CASTING_ALWAYS"
								},
								"18381402898764148109": {
									"Id": "18381402898764148109",
									"type": "String",
									"value": "CASTING_ALWAYS"
								}
							}
						},
						"4611686359132287001": {
							"Id": "4611686359132287001",
							"type": "LookupList",
							"value": {}
						},
						"4611686359132287002": {
							"Id": "4611686359132287002",
							"type": "LookupList",
							"value": {}
						},
						"4611686359132287003": {
							"Id": "4611686359132287003",
							"type": "LookupList",
							"value": {}
						},
						"4611686359132287004": {
							"Id": "4611686359132287004",
							"type": "LookupList",
							"value": {}
						}
					},
					{
						"dynPosition": {
							"Id": "4611686038108070005",
							"type": "Vector3",
							"value": {
								"x": -0.19140000641345978,
								"y": 0.00139999995008111,
								"z": 0.26455000042915344
							}
						},
						"dynRotation": {
							"Id": "4611686038108070006",
							"type": "Vector3",
							"value": {
								"x": 0,
								"y": -233.90150451660156,
								"z": 0
							}
						},
						"dynScale": {
							"Id": "4611686038108070007",
							"type": "Vector3",
							"value": {
								"x": 1,
								"y": 1,
								"z": 1
							}
						},
						"dynVisualFqn": {
							"Id": "4611686038125770001",
							"type": "String",
							"value": "/art/static/area/all_all/item/corpse/corpse_sp_tight_med_a04_c01_bmf.gr2"
						},
						"dynVisualName": {
							"Id": "4611686039107870012",
							"type": "String",
							"value": "corpse_sp_tight_med_a04_c01_bmf"
						},
						"4611686309241734002": {
							"Id": "4611686309241734002",
							"type": "LookupList",
							"value": {
								"Off": {
									"Id": "Off",
									"type": "Class",
									"value": {}
								},
								"On": {
									"Id": "On",
									"type": "Class",
									"value": {
										"dynState": {
											"Id": "4611686038108070002",
											"type": "Integer",
											"value": "1"
										}
									}
								}
							}
						},
						"4611686359083027001": {
							"Id": "4611686359083027001",
							"type": "Enum",
							"value": "dynPropTypeGR2"
						},
						"4611686359132287000": {
							"Id": "4611686359132287000",
							"type": "LookupList",
							"value": {
								"13216694345345269136": {
									"Id": "13216694345345269136",
									"type": "String",
									"value": ""
								},
								"16009831945395381178": {
									"Id": "16009831945395381178",
									"type": "String",
									"value": "CASTING_ALWAYS"
								},
								"18381402898764148109": {
									"Id": "18381402898764148109",
									"type": "String",
									"value": "CASTING_ALWAYS"
								}
							}
						},
						"4611686359132287001": {
							"Id": "4611686359132287001",
							"type": "LookupList",
							"value": {}
						},
						"4611686359132287002": {
							"Id": "4611686359132287002",
							"type": "LookupList",
							"value": {}
						},
						"4611686359132287003": {
							"Id": "4611686359132287003",
							"type": "LookupList",
							"value": {}
						},
						"4611686359132287004": {
							"Id": "4611686359132287004",
							"type": "LookupList",
							"value": {}
						}
					},
					{
						"dynPosition": {
							"Id": "4611686038108070005",
							"type": "Vector3",
							"value": {
								"x": -0.2610499858856201,
								"y": 0.0015999999595806003,
								"z": 0.1160999983549118
							}
						},
						"dynRotation": {
							"Id": "4611686038108070006",
							"type": "Vector3",
							"value": {
								"x": 0,
								"y": -218.90150451660156,
								"z": 0
							}
						},
						"dynScale": {
							"Id": "4611686038108070007",
							"type": "Vector3",
							"value": {
								"x": 1,
								"y": 1,
								"z": 1
							}
						},
						"dynVisualFqn": {
							"Id": "4611686038125770001",
							"type": "String",
							"value": "/art/static/area/all_all/item/corpse/corpse_sm_baggy_med_a03_c01_bma.gr2"
						},
						"dynVisualName": {
							"Id": "4611686039107870012",
							"type": "String",
							"value": "corpse_sm_baggy_med_a03_c01_bma"
						},
						"4611686309241734002": {
							"Id": "4611686309241734002",
							"type": "LookupList",
							"value": {
								"Off": {
									"Id": "Off",
									"type": "Class",
									"value": {}
								},
								"On": {
									"Id": "On",
									"type": "Class",
									"value": {
										"dynState": {
											"Id": "4611686038108070002",
											"type": "Integer",
											"value": "1"
										}
									}
								}
							}
						},
						"4611686359083027001": {
							"Id": "4611686359083027001",
							"type": "Enum",
							"value": "dynPropTypeGR2"
						},
						"4611686359132287000": {
							"Id": "4611686359132287000",
							"type": "LookupList",
							"value": {
								"13216694345345269136": {
									"Id": "13216694345345269136",
									"type": "String",
									"value": ""
								},
								"16009831945395381178": {
									"Id": "16009831945395381178",
									"type": "String",
									"value": "CASTING_ALWAYS"
								},
								"18381402898764148109": {
									"Id": "18381402898764148109",
									"type": "String",
									"value": "CASTING_ALWAYS"
								}
							}
						},
						"4611686359132287001": {
							"Id": "4611686359132287001",
							"type": "LookupList",
							"value": {}
						},
						"4611686359132287002": {
							"Id": "4611686359132287002",
							"type": "LookupList",
							"value": {}
						},
						"4611686359132287003": {
							"Id": "4611686359132287003",
							"type": "LookupList",
							"value": {}
						},
						"4611686359132287004": {
							"Id": "4611686359132287004",
							"type": "LookupList",
							"value": {}
						}
					},
					{
						"dynPosition": {
							"Id": "4611686038108070005",
							"type": "Vector3",
							"value": {
								"x": -0.22341999411582947,
								"y": 0.003000000026077032,
								"z": -0.0939600020647049
							}
						},
						"dynRotation": {
							"Id": "4611686038108070006",
							"type": "Vector3",
							"value": {
								"x": 0,
								"y": -68.90148162841797,
								"z": 0
							}
						},
						"dynScale": {
							"Id": "4611686038108070007",
							"type": "Vector3",
							"value": {
								"x": 1,
								"y": 1,
								"z": 1
							}
						},
						"dynVisualFqn": {
							"Id": "4611686038125770001",
							"type": "String",
							"value": "/art/static/area/all_all/item/corpse/corpse_ge_baggy_light_a32_settler01_bfs.gr2"
						},
						"dynVisualName": {
							"Id": "4611686039107870012",
							"type": "String",
							"value": "corpse_ge_baggy_light_a32_settler01_bfs"
						},
						"4611686309241734002": {
							"Id": "4611686309241734002",
							"type": "LookupList",
							"value": {
								"Off": {
									"Id": "Off",
									"type": "Class",
									"value": {}
								},
								"On": {
									"Id": "On",
									"type": "Class",
									"value": {
										"dynState": {
											"Id": "4611686038108070002",
											"type": "Integer",
											"value": "1"
										}
									}
								}
							}
						},
						"4611686359083027001": {
							"Id": "4611686359083027001",
							"type": "Enum",
							"value": "dynPropTypeGR2"
						},
						"4611686359132287000": {
							"Id": "4611686359132287000",
							"type": "LookupList",
							"value": {
								"13216694345345269136": {
									"Id": "13216694345345269136",
									"type": "String",
									"value": ""
								},
								"16009831945395381178": {
									"Id": "16009831945395381178",
									"type": "String",
									"value": "CASTING_ALWAYS"
								},
								"18381402898764148109": {
									"Id": "18381402898764148109",
									"type": "String",
									"value": "CASTING_ALWAYS"
								}
							}
						},
						"4611686359132287001": {
							"Id": "4611686359132287001",
							"type": "LookupList",
							"value": {}
						},
						"4611686359132287002": {
							"Id": "4611686359132287002",
							"type": "LookupList",
							"value": {}
						},
						"4611686359132287003": {
							"Id": "4611686359132287003",
							"type": "LookupList",
							"value": {}
						},
						"4611686359132287004": {
							"Id": "4611686359132287004",
							"type": "LookupList",
							"value": {}
						}
					},
					{
						"dynPosition": {
							"Id": "4611686038108070005",
							"type": "Vector3",
							"value": {
								"x": -0.244609996676445,
								"y": 0.003100000089034438,
								"z": -0.25248000025749207
							}
						},
						"dynRotation": {
							"Id": "4611686038108070006",
							"type": "Vector3",
							"value": {
								"x": 0,
								"y": -23.901470184326172,
								"z": 0
							}
						},
						"dynScale": {
							"Id": "4611686038108070007",
							"type": "Vector3",
							"value": {
								"x": 1,
								"y": 1,
								"z": 1
							}
						},
						"dynVisualFqn": {
							"Id": "4611686038125770001",
							"type": "String",
							"value": "/art/static/area/all_all/item/corpse/corpse_ge_baggy_light_a32_settler02_bfn.gr2"
						},
						"dynVisualName": {
							"Id": "4611686039107870012",
							"type": "String",
							"value": "corpse_ge_baggy_light_a32_settler02_bfn"
						},
						"4611686309241734002": {
							"Id": "4611686309241734002",
							"type": "LookupList",
							"value": {
								"Off": {
									"Id": "Off",
									"type": "Class",
									"value": {}
								},
								"On": {
									"Id": "On",
									"type": "Class",
									"value": {
										"dynState": {
											"Id": "4611686038108070002",
											"type": "Integer",
											"value": "1"
										}
									}
								}
							}
						},
						"4611686359083027001": {
							"Id": "4611686359083027001",
							"type": "Enum",
							"value": "dynPropTypeGR2"
						},
						"4611686359132287000": {
							"Id": "4611686359132287000",
							"type": "LookupList",
							"value": {
								"13216694345345269136": {
									"Id": "13216694345345269136",
									"type": "String",
									"value": ""
								},
								"16009831945395381178": {
									"Id": "16009831945395381178",
									"type": "String",
									"value": "CASTING_ALWAYS"
								},
								"18381402898764148109": {
									"Id": "18381402898764148109",
									"type": "String",
									"value": "CASTING_ALWAYS"
								}
							}
						},
						"4611686359132287001": {
							"Id": "4611686359132287001",
							"type": "LookupList",
							"value": {}
						},
						"4611686359132287002": {
							"Id": "4611686359132287002",
							"type": "LookupList",
							"value": {}
						},
						"4611686359132287003": {
							"Id": "4611686359132287003",
							"type": "LookupList",
							"value": {}
						},
						"4611686359132287004": {
							"Id": "4611686359132287004",
							"type": "LookupList",
							"value": {}
						}
					}
				],
				"type": "Class"
			}
		},
		"dynStateNameToListOfVisualStates": {
			"Id": "4611686038108070012",
			"type": "LookupList",
			"value": {
				"Off": {
					"Id": "Off",
					"type": "List",
					"value": {
						"list": [
							{},
							{},
							{},
							{},
							{},
							{},
							{},
							{},
							{},
							{},
							{},
							{},
							{},
							{},
							{},
							{},
							{},
							{}
						],
						"type": "Class"
					}
				},
				"On": {
					"Id": "On",
					"type": "List",
					"value": {
						"list": [
							{
								"dynState": {
									"Id": "4611686038108070002",
									"type": "Integer",
									"value": "1"
								}
							},
							{
								"dynState": {
									"Id": "4611686038108070002",
									"type": "Integer",
									"value": "1"
								}
							},
							{
								"dynState": {
									"Id": "4611686038108070002",
									"type": "Integer",
									"value": "1"
								}
							},
							{
								"dynState": {
									"Id": "4611686038108070002",
									"type": "Integer",
									"value": "1"
								}
							},
							{
								"dynState": {
									"Id": "4611686038108070002",
									"type": "Integer",
									"value": "1"
								}
							},
							{
								"dynState": {
									"Id": "4611686038108070002",
									"type": "Integer",
									"value": "1"
								}
							},
							{
								"dynState": {
									"Id": "4611686038108070002",
									"type": "Integer",
									"value": "1"
								}
							},
							{
								"dynState": {
									"Id": "4611686038108070002",
									"type": "Integer",
									"value": "1"
								}
							},
							{
								"dynState": {
									"Id": "4611686038108070002",
									"type": "Integer",
									"value": "1"
								}
							},
							{
								"dynState": {
									"Id": "4611686038108070002",
									"type": "Integer",
									"value": "1"
								}
							},
							{
								"dynState": {
									"Id": "4611686038108070002",
									"type": "Integer",
									"value": "1"
								}
							},
							{
								"dynState": {
									"Id": "4611686038108070002",
									"type": "Integer",
									"value": "1"
								}
							},
							{
								"dynState": {
									"Id": "4611686038108070002",
									"type": "Integer",
									"value": "1"
								}
							},
							{
								"dynState": {
									"Id": "4611686038108070002",
									"type": "Integer",
									"value": "1"
								}
							},
							{
								"dynState": {
									"Id": "4611686038108070002",
									"type": "Integer",
									"value": "1"
								}
							},
							{
								"dynState": {
									"Id": "4611686038108070002",
									"type": "Integer",
									"value": "1"
								}
							},
							{
								"dynState": {
									"Id": "4611686038108070002",
									"type": "Integer",
									"value": "1"
								}
							},
							{
								"dynState": {
									"Id": "4611686038108070002",
									"type": "Integer",
									"value": "1"
								}
							}
						],
						"type": "Class"
					}
				}
			}
		},
		"dynEventStates": {
			"Id": "4611686038389870003",
			"type": "List",
			"value": {
				"list": [
					{
						"dynFromState": {
							"Id": "4611686038389870000",
							"type": "String",
							"value": "On"
						},
						"dynToState": {
							"Id": "4611686038389870001",
							"type": "String",
							"value": "Off"
						},
						"dyncalledEvent": {
							"Id": "4611686038389870004",
							"type": "String",
							"value": "On Custom:Off"
						}
					},
					{
						"dynFromState": {
							"Id": "4611686038389870000",
							"type": "String",
							"value": "Off"
						},
						"dynToState": {
							"Id": "4611686038389870001",
							"type": "String",
							"value": "On"
						},
						"dyncalledEvent": {
							"Id": "4611686038389870004",
							"type": "String",
							"value": "On Custom:On"
						}
					}
				],
				"type": "Class"
			}
		},
		"dynFqn": {
			"Id": "4611686044100470019",
			"type": "String",
			"value": "dyn.daily_area.ossus.empire.environmental.dead_bodies"
		},
		"dynRelatedHydra": {
			"Id": "4611686062713031202",
			"type": "ID",
			"value": "16141120210402993903"
		}
	}
}